player_id,full_name,position,team
6177,Khalen Saunders,DT,KC
5870,Daniel Jones,QB,NYG
5381,Johnny Townsend,P,TEN
5300,Kenny Young,LB,DEN
7328,Asmar Bilal,LB,LV
608,Corey Peters,DT,ARI
3199,Michael Thomas,WR,NO
2355,Ronald Darby,CB,DEN
6818,Justin Madubuike,DT,BAL
6898,Anthony Gordon,QB,KC
4148,Carl Lawson,DE,NYJ
5781,Malik Turner,WR,DAL
6992,Michael Warren,RB,DET
WAS,WAS,DEF,WAS
1216,Justin Bethel,DB,NE
4981,Calvin Ridley,WR,ATL
7728,James Hudson,OT,CLE
2383,P.J. Williams,CB,NO
7224,Sam Franklin,DB,CAR
2025,Albert Wilson,WR,MIA
2333,Laken Tomlinson,OL,SF
4218,Trent Taylor,WR,CIN
7609,Demetric Felton,RB,CLE
7799,Roy Lopez,DT,HOU
2446,MyCole Pruitt,TE,TEN
6333,Keisean Nixon,CB,LV
1369,Tommy Bohanon,FB,BAL
6858,James Lynch,DT,MIN
4712,Johnny Ragin,ILB,TEN
7160,Ledarius Mack,LB,CHI
4282,Corey Levin,G,TEN
3364,Maurice Canady,CB,DAL
5076,John Kelly,RB,CLE
7259,Bobby Price,DB,DET
7725,Drew Dalman,OL,ATL
533,Colt McCoy,QB,ARI
2316,Trae Waynes,CB,CIN
7619,Mathew Sexton,WR,PIT
3248,Isaac Seumalo,G,PHI
7630,Greg Newsome,CB,CLE
7142,Dustin Woodard,OL,NE
3605,Matthias Farley,DB,TEN
8022,Drew Himmelman,OT,DEN
7750,Grant Stuard,LB,TB
5312,Rick Leonard,OT,WAS
5990,Terez Hall,LB,NE
4097,Ryan Anderson,LB,NYG
7642,Jaycee Horn,CB,CAR
1572,Alec Ogletree,LB,CHI
4072,Tre'Davious White,CB,BUF
5598,Daronte Bouldin,OL,NO
6851,Julian Okwara,LB,DET
6254,Kemon Hall,CB,LAC
5661,Chris Lacy,WR,CHI
4404,Aviante Collins,T,DAL
2448,Bobby McCain,CB,WAS
4860,Jon Toth,C,WAS
2688,Chad Slade,OG,NYG
7194,Aaron Crawford,DT,BAL
4089,Gerald Everett,TE,SEA
ARI,ARI,DEF,ARI
7059,Jordan Mack,LB,CAR
4574,Cooper Rush,QB,DAL
6068,Devine Ozigbo,RB,NO
7018,Malcolm Roach,DT,NO
6572,Aaron Monteiro,OT,CAR
7602,Kylen Granson,TE,IND
6279,Brandon Dillon,TE,MIN
111,Marcedes Lewis,TE,GB
7748,Dwayne Johnson,DB,ATL
7064,Darrynton Evans,RB,TEN
7594,Chuba Hubbard,RB,CAR
6799,Grant Delpit,DB,CLE
7706,Josh Ball,OT,DAL
1666,LaRoy Reynolds,LB,NYJ
5671,Joshua Kalu,DB,NYG
6871,Cameron Dantzler,CB,MIN
4036,Corey Davis,WR,NYJ
7094,Lirim Hajrullahu,K,DAL
6271,Olamide Zaccheaus,WR,ATL
7519,Aaron Patrick,DE,DEN
7759,Michal Menet,OL,ARI
6924,Netane Muti,G,DEN
7730,Darren Hall,CB,ATL
6050,Brandon Knight,T,BAL
2711,Taylor Heinicke,QB,WAS
2454,David Parry,DT,ARI
6311,Patrick Laird,RB,MIA
1860,Brent Qvale,OT,TEN
3187,Ryan Kelly,C,IND
7845,Thomas Schaffer,DE,CHI
837,Buster Skrine,DB,SF
5163,Ryan Nall,RB,CHI
7551,Deon Jackson,RB,IND
6848,Anfernee Jennings,LB,NE
4179,Joshua Dobbs,QB,PIT
6564,Ethan Greenidge,OL,NO
8045,Parker Ferguson,OL,NYJ
8074,Matt Seybert,TE,LAC
5864,Byron Murphy,CB,ARI
4606,Dylan Cole,LB,TEN
7000,Chapelle Russell,LB,JAX
7800,Deonte Brown,G,CAR
6627,Shy Tuttle,DT,NO
754,Al Woods,DT,SEA
7733,Josh Pederson,TE,NO
830,A.J. Green,WR,ARI
6581,Derick Roberson,LB,TEN
7553,Kyle Pitts,TE,ATL
7351,Kirk Merritt,WR,MIA
2982,Quinton Spain,G,CIN
6089,Daniel Helm,TE,LV
6188,Sutton Smith,FB,NO
7347,JuJu Hughes,DB,LAR
5644,Bryon Fields,DB,NYG
5081,Genard Avery,LB,PHI
5674,Andre Chachere,DB,PHI
6098,Ben Burr-Kirven,LB,SEA
3852,Jaydon Mickens,WR,TB
7927,Grant Hermanns,OL,NYJ
986,Aldon Smith,DE,SEA
7608,Khalil Herbert,RB,CHI
5960,T.J. Edwards,LB,PHI
7823,Nate Hobbs,CB,LV
2686,Khari Lee,TE,DET
1339,Zach Ertz,TE,ARI
7821,Garret Wallow,LB,HOU
1993,Christian Shatley,OL,JAX
2405,Angelo Blackson,DE,CHI
3268,Eric Murray,DB,HOU
5638,Shaq Roland,WR,CHI
6845,Zack Moss,RB,BUF
4216,Desmond King,DB,HOU
7041,Robert Hunt,OL,MIA
5687,Anthony Sherrils,DB,DET
4126,Fabian Moreau,CB,ATL
1848,James White,RB,NE
6954,Cole McDonald,QB,ARI
5295,De'Mornay Pierson-El,WR,DEN
5536,Dontrell Hilliard,RB,TEN
7929,Jake Burton,G,NYG
6269,Kyle Shurmur,QB,WAS
4362,Cethan Carter,TE,MIA
5655,Ryan Neal,SS,SEA
8087,K.J. Costello,QB,LAC
3041,Ross Travis,TE,ARI
5649,Jeremy Reaves,SS,WAS
7723,Elerson Smith,LB,NYG
3234,Carl Nassib,DE,LV
4846,Taybor Pepper,LS,SF
4666,Younghoe Koo,K,ATL
5626,Bunmi Rotimi,DE,WAS
5901,Tytus Howard,OL,HOU
6852,Trey Adams,OT,BUF
1900,Joel Bitonio,OG,CLE
6872,Kyle Dugger,DB,NE
7980,John Raine,FB,ATL
1352,Robert Woods,WR,LAR
6949,Jordyn Brooks,LB,SEA
4077,Jamal Adams,SS,SEA
6918,Salvon Ahmed,RB,MIA
5982,Marquise Blair,DB,SEA
2029,T.J. Carrie,CB,IND
5533,Trenton Thompson,DT,CLE
5532,Daniel Ekuale,DT,NE
1550,Ryan Griffin,QB,TB
5967,Tony Pollard,RB,DAL
49,Robbie Gould,K,SF
4458,Zach Franklin,CB,SF
7776,Israel Mukuamu,DB,DAL
5308,Duplicate Player,DE,LAR
7168,Zane Lewis,CB,NYJ
5037,Breeland Speaks,DE,DAL
7163,Jake Benzinger,OT,TB
6637,Nico Evans,RB,PHI
4455,Matt Breida,RB,BUF
6111,Jake Browning,QB,CIN
7961,Jose Borregales,K,TB
7119,Kenny Robinson,DB,CAR
2655,Nick Dzubnar,LB,TEN
6510,Jalen Dalton,DT,NO
6197,Durval Queiroz Neto,G,MIA
7715,Camryn Bynum,DB,MIN
6289,Duke Shelley,DB,CHI
7890,Javon McKinley,WR,DET
3286,Demarcus Robinson,WR,KC
6906,Antonio Gandy-Golden,WR,WAS
6328,Kyron Brown,CB,DAL
4330,JoJo Natson,WR,CLE
5042,Deadrin Senat,DT,ATL
6034,Donnie Lewis,CB,CIN
5065,Brandon Parker,T,LV
1844,Tyler Ott,LS,SEA
6152,Khari Willis,DB,IND
7100,Derrick Dillon,WR,NYG
5158,Dennis Gardeck,LB,ARI
7514,Michael Pinckney,LB,NE
7915,Landen Akers,WR,LAR
6584,Deyon Sizer,DT,DEN
2339,Donovan Smith,T,TB
7559,Ihmir Smith-Marsette,WR,MIN
7432,Chris Miller,DB,WAS
8068,C.J. Saunders,WR,CAR
4890,Ben Turk,P,NYJ
6657,Freedom Akinmoladun,DE,TEN
5183,Olasunkanmi Adeniyi,LB,TEN
7324,Jessie Lemonier,LB,DET
8060,Cam Murray,OL,ARI
7868,Mason Stokke,FB,CAR
7992,Matt Bushman,TE,LV
4371,Josh Tupou,DT,CIN
2084,Devon Kennard,LB,ARI
8025,Adam Prentice,FB,NO
4665,Eli Jenkins,QB,LAC
1166,Kirk Cousins,QB,MIN
8043,Jordyn Peters,DB,NYG
6651,Anthony Pittman,LB,DET
4439,Breon Borders,CB,TEN
8064,Max Roberts,LB,LAR
6905,Matt Peart,T,NYG
1181,Luke Kuechly,LB,CAR
5648,Tyler Howell,OT,NYG
6153,Dexter Williams,RB,NYG
7126,Justin Herron,OL,NE
1578,Alex Okafor,DE,KC
3716,Kentrell Brice,FS,ARI
7622,Sammis Reyes,TE,WAS
6779,Jordan Harris,WR,LAR
1833,Damien Williams,RB,CHI
3763,Woodrow Hamilton,DT,NYG
2323,Marcus Peters,CB,BAL
6443,Eric Dungey,QB,CIN
7420,Josh Hokit,FB,SF
5452,J.T. Gray,DB,NO
6926,Brycen Hopkins,TE,LAR
1982,Aaron Colvin,CB,WAS
5448,Robert Jackson,CB,LV
6141,Drue Tranquill,LB,LAC
5888,Amani Oruwariye,CB,DET
6903,Lloyd Cushenberry,C,DEN
7084,Jake Luton,QB,SEA
8102,DeShon Williams,TE,SEA
6039,Ty Johnson,RB,NYJ
6065,Cody Barton,LB,SEA
6139,Jace Sternberger,TE,WAS
6985,Dezmon Patmon,WR,IND
2410,Jamison Crowder,WR,NYJ
7251,Jovante Moffatt,DB,CLE
7673,Chazz Surratt,LB,MIN
8070,Travis Toivonen,WR,NYG
4117,Derek Rivers,DE,HOU
5806,John Wolford,QB,LAR
4930,Franko House,TE,CHI
3209,Devontae Booker,RB,NYG
6764,Derrick Moncrief,LB,LAR
928,Randall Cobb,WR,GB
7313,Liam McCullough,LS,LV
7954,Connor Wedington,WR,SF
6286,Tim Harris,CB,CLE
24,Matt Ryan,QB,ATL
7721,Chris Rumph,LB,LAC
4288,Chase Roullier,C,WAS
6674,Garrett McGhin,OT,JAX
138,Ben Roethlisberger,QB,PIT
3214,Hunter Henry,TE,NE
6093,Jake Bailey,P,NE
6716,Olive Sagapolu,DT,ATL
7604,Tamorrion Terry,WR,SEA
2438,Mark Glowinski,G,IND
471,Garrison Sanborn,LS,TB
7987,Darius Hodge,DE,CIN
7617,Matt Ammendola,K,NYJ
5297,Zach Sieler,DT,MIA
6700,Marcelias Sutton,RB,SEA
6176,Cameron Smith,LB,MIN
4941,Dontre Wilson,WR,LAC
7060,Ben Bartch,OL,JAX
734,Trent Williams,T,SF
96,Aaron Rodgers,QB,GB
1507,Jon Bostic,LB,WAS
6997,Shaquille Quarterman,LB,JAX
5715,R.J. Prince,OG,NE
5610,Evan Brown,C,DET
5091,Parry Nickerson,CB,MIN
1686,Tony Jefferson,DB,SF
7584,Brennan Eagles,WR,DAL
2354,Mitch Morse,C,BUF
6583,Joshua Moon,SS,SEA
3557,Brandon Williams,CB,NYG
4924,Zach Terrell,QB,BAL
7874,Jeremiah Haydel,WR,LAR
2135,Ha Ha Clinton-Dix,DB,LV
6161,LJ Scott,RB,CLE
7012,Mykal Walker,LB,ATL
1238,Josh Harris,LS,ATL
7922,Riley Patterson,K,NE
7062,Rodrigo Blankenship,K,IND
5090,Folorunso Fatukasi,DT,NYJ
4139,Amara Darboh,WR,DEN
6430,Curtis Bolton,LB,SF
4140,Shaquill Griffin,CB,JAX
1539,Paul Worrilow,LB,NYJ
996,Richard Sherman,CB,TB
4838,Austin Albrecht,OL,TB
5981,Greg Gaines,DT,LAR
8086,James Smith,P,TEN
4912,AJ Hughes,P,PIT
7455,John Hurst,WR,TB
5072,Jamil Demby,OL,LAR
6948,Leki Fotu,DT,ARI
1893,Trey Hopkins,C,CIN
7941,Nick Ralston,RB,DAL
2750,DeAndre Carter,WR,WAS
5429,Jeremiah Kolone,OL,LAR
2020,Cairo Santos,K,CHI
2306,Jameis Winston,QB,NO
8004,Devon Key,DB,KC
3838,Antonio Hamilton,CB,ARI
617,Patrick Robinson,CB,NO
2066,Zack Martin,G,DAL
6123,Greedy Williams,CB,CLE
7666,Jevon Holland,DB,MIA
5113,Cedrick Wilson,WR,DAL
5045,Courtland Sutton,WR,DEN
6785,Jeff Okudah,CB,DET
1243,J.R. Sweezy,OG,NO
5073,Sebastian Joseph-Day,DT,LAR
7127,Shaun Bradley,LB,PHI
7836,Tony Fields,LB,CLE
5880,Parris Campbell,WR,IND
2372,A.J. Cann,OL,JAX
5423,Trenton Scott,T,CAR
6595,Devlin Hodges,QB,LAR
7864,Artayvious Lynn,TE,DAL
5051,Donte Jackson,CB,CAR
7967,Lawrence White,DB,TB
1506,Tress Way,P,WAS
7828,Noah Gray,TE,KC
7678,Joseph Ossai,DE,CIN
3659,Anthony Lanier,DE,NO
2311,Leonard Williams,DE,NYG
2336,Stephone Anthony,LB,ARI
1885,Will Clarke,DE,NO
5068,Kerryon Johnson,RB,SF
7488,Jonathan Hubbard,OT,TB
7797,Jaylen Twyman,DT,MIN
4046,Patrick Mahomes,QB,KC
3846,Duke Williams,WR,BUF
1182,Josh Norman,CB,SF
1950,James Ferentz,OL,NE
4101,Chris Wormley,DT,PIT
2826,Troy Hill,CB,CLE
7541,Cornell Powell,WR,KC
7405,Michael Jacquet,CB,PHI
ATL,ATL,DEF,ATL
7294,Amari Henderson,CB,MIN
2472,David Mayo,LB,WAS
6129,Jerry Tillery,DT,LAC
5827,Tevaughn Campbell,CB,LAC
8048,Jaylon McClain-Sapp,DB,KC
5285,Ross Dwelley,TE,SF
5970,Greg Dortch,WR,ARI
7801,Quinton Bohanna,DT,DAL
7902,Calvin Bundage,LB,PIT
7863,JaQuan Hardy,RB,DAL
7024,James Smith-Williams,DE,WAS
2839,Justin March-Lillard,LB,TEN
5911,Jalen Hurd,WR,SF
4399,Eric Smith,T,ARI
3308,Matt Ioannidis,DT,WAS
3743,Morgan Fox,DE,CAR
6007,Ryquell Armstead,RB,NO
2118,Eric Ebron,TE,PIT
4449,Nicholas Morrow,LB,LV
6542,Anthony Rush,DT,ATL
2546,Darryl Roberts,CB,WAS
5299,Greg Senat,T,IND
2348,Benardrick McKinney,LB,NYG
6205,Brandon Silvers,QB,NYJ
650,Nick Folk,K,NE
6183,Andrew Van Ginkel,LB,MIA
6063,Tyron Johnson,WR,JAX
6833,Bryce Hall,CB,NYJ
1548,Star Lotulelei,DT,BUF
7423,DeMarkus Acy,CB,PIT
2961,David Andrews,C,NE
7314,Dominik Eberle,K,CAR
3373,Will Parks,DB,KC
4198,Jamal Agnew,WR,JAX
6770,Joe Burrow,QB,CIN
2003,Bennie Fowler,WR,SF
6863,Lavert Hill,CB,ARI
7859,Nick Eubanks,TE,PHI
6159,Mike Weber,RB,NYG
7429,Marcus Webb,DE,SEA
1346,Marquise Goodwin,WR,CHI
2724,Brandon King,LB,NE
5977,Terry Godwin,WR,JAX
4962,Sony Michel,RB,LAR
7945,Chris Garrett,LB,LAR
TEN,TEN,DEF,TEN
2554,Denzelle Good,G,LV
6739,Cameron Nizialek,P,ATL
2275,Cassius Marsh,DE,PIT
5347,Nyheim Hines,RB,IND
2106,David Fales,QB,NYJ
3272,Miles Killebrew,DB,PIT
4622,Keelan Cole,WR,NYJ
3446,Joel Heath,DE,DET
7629,Payton Turner,DE,NO
7516,Hunter Niswander,P,DAL
4214,Shelton Gibson,WR,CAR
5645,Nick Gates,C,NYG
4229,Mason Schreck,TE,CIN
4476,Greg Mabin,CB,TEN
7234,Maurice Ffrench,WR,LAC
4188,Damontae Kazee,DB,DAL
4898,Chris Schneider,OT,CLE
7762,James Wiggins,DB,ARI
7681,Baron Browning,LB,DEN
7337,Easop Winston,WR,NO
4124,Ahkello Witherspoon,CB,PIT
5797,Duplicate Player,ILB,DEN
6284,Marcus Epps,DB,PHI
6663,Micah Wright,WR,NO
7523,Trevor Lawrence,QB,JAX
4658,Jamal Perry,CB,MIA
5548,Elijah Marks,WR,KC
7583,Sam Ehlinger,QB,IND
4716,Dan Skipper,T,LV
1048,Lamar Miller,RB,NO
3721,Josh Hawkins,CB,DET
5277,Deon Yelder,TE,TB
7130,Cassh Maluia,LB,TEN
7308,Nick Bowers,TE,LV
7010,Calvin Throckmorton,OL,NO
6861,Nick Coe,DE,MIA
6910,Darrell Taylor,DE,SEA
4240,Jeremiah Ledbetter,DT,ARI
3598,Luke Rhodes,LS,IND
6869,Adam Trautman,TE,NO
7795,Rodarius Williams,CB,NYG
7145,Jashon Cornell,DT,DET
7348,Dayan Lake,DB,LAR
212,John Denney,LS,NO
7908,Eric Burrell,DB,NO
2860,Bryce Callahan,CB,DEN
7815,K.J. Britt,LB,TB
4095,Malik McDowell,DT,CLE
5062,Mason Cole,OL,MIN
4135,Trey Hendrickson,DE,CIN
5020,B.J. Hill,DT,CIN
7623,Darece Roberson,WR,SEA
7045,Joshua Kelley,RB,LAC
7504,De'Jon Harris,LB,WAS
6353,Troy Reeder,LB,LAR
5273,Kamryn Pettway,RB,MIN
7912,Trill Williams,CB,MIA
5980,Myles Gaskin,RB,MIA
5161,Ezekiel Turner,LB,ARI
5107,Jaylen Samuels,RB,PIT
2399,Ty Montgomery,WR,NO
4342,Quincy Adeboyejo,WR,NE
5233,Marcus Baugh,TE,PIT
6363,Michael Walker,WR,PHI
5762,Josh Smith,WR,NO
2006,Matt Paradis,C,CAR
3680,Patrick Onwuasor,LB,LV
7121,Justin Rohrwasser,K,NE
6321,Tim Ward,DE,NYJ
7263,Steven Wirtel,LS,GB
6235,Kyle Phillips,DT,NYJ
7767,Kary Vincent,CB,DEN
5881,Nasir Adderley,DB,LAC
4285,Robert Davis,WR,LV
6588,Tom Kennedy,WR,DET
4526,Krishawn Hogan,WR,CAR
6554,Shawn Poindexter,WR,SF
1338,Matt Barkley,QB,TEN
5856,Cody Ford,OL,BUF
5868,Greg Little,T,MIA
4234,Noah Brown,WR,DAL
1510,Jordan Mills,T,NO
6662,Parker Hesse,TE,ATL
8019,Devontres Dukes,WR,DEN
5905,Justin Layne,CB,PIT
7585,Davis Mills,QB,HOU
4141,Delano Hill,DB,CAR
3550,Jarrod Wilson,DB,NYJ
2152,Teddy Bridgewater,QB,DEN
7560,Pooka Williams,RB,CIN
1722,Mike Remmers,T,KC
7644,Creed Humphrey,OL,KC
3182,Shaq Lawson,DE,NYJ
815,Nick Bellore,FB,SEA
7938,Hunter Kampmoyer,TE,LAC
5014,Joseph Noteboom,OL,LAR
5112,Bo Scarbrough,RB,LV
7151,Chris Williamson,CB,ATL
4959,Scott Daly,LS,DET
5416,Brandon Facyson,CB,LV
6454,Trevon Tate,G,CLE
4125,Taywan Taylor,WR,HOU
7672,Ernest Jones,LB,LAR
5033,Dorian O'Daniel,LB,KC
4122,Dan Feeney,OL,NYJ
3207,Andrew Billings,DT,CLE
7700,Joshua Kaindoh,DE,KC
2338,Landon Collins,DB,WAS
1702,Lane Taylor,OL,HOU
5965,Miles Boykin,WR,BAL
6841,Jordan Elliott,DT,CLE
6809,Trevon Diggs,CB,DAL
963,Luke Stocker,TE,MIN
497,Brett Kern,P,TEN
7639,Rashawn Slater,T,LAC
4960,Roquan Smith,LB,CHI
4286,Josh Harvey-Clemons,LB,MIA
6247,Jason Moore,WR,LAC
5740,Chucky Williams,DB,LAR
4368,Hardy Nickerson,LB,HOU
7669,Paulson Adebo,CB,NO
5378,Jacob Martin,DE,HOU
6029,Jackson Barton,T,LV
5850,Josh Jacobs,RB,LV
5026,Tre'Quan Smith,WR,NO
4663,Austin Ekeler,RB,LAC
1479,Keenan Allen,WR,LAC
7657,Walker Little,T,JAX
7003,Damien Lewis,G,SEA
4604,Eli Ankou,DT,TEN
3345,Anthony Brown,CB,DAL
7788,Victor Dimukeje,LB,ARI
4189,Eric Saubert,TE,DEN
2362,Rob Havenstein,OL,LAR
7806,Hamsah Nasirildeen,LB,NYJ
7343,Sam Renner,DT,TB
4256,Ifeadi Odenigbo,DE,CLE
444,Malcolm Jenkins,SS,NO
5181,Chandon Sullivan,CB,GB
3244,Shilique Calhoun,LB,KC
6933,Raequan Williams,DT,PHI
6409,Quinn Bailey,OT,DEN
5105,Duplicate Player,CB,NO
5490,Jashon Robertson,OL,DAL
5375,Jordan Whitehead,DB,TB
7481,Chase Harrell,TE,SF
1902,Pierre Desir,CB,TB
3331,Jatavis Brown,LB,PHI
5127,Kyle Allen,QB,WAS
4968,Tremaine Edmunds,LB,BUF
6174,Chris Slayton,DT,PIT
7195,John Daka,DE,LAR
6744,Greg Ward,WR,PHI
3297,Tajae Sharpe,WR,ATL
7526,Jaylen Waddle,WR,MIA
5386,Matthew McCrane,K,ARI
7166,T.J. Carter,DE,PIT
3545,Rashod Hill,T,MIN
1979,Blake Bortles,QB,GB
6165,Antoine Wesley,WR,ARI
3217,Jihad Ward,DE,JAX
7344,Jonah Williams,DE,LAR
5100,Jordan Wilkins,RB,IND
7749,JR Pace,DB,ATL
1834,Malcolm Butler,CB,ARI
1039,Tavon Wilson,DB,SF
2545,Geoff Swaim,TE,TEN
4454,Kendrick Bourne,WR,NE
1421,Chance Warmack,G,SEA
6911,Brandon Jones,DB,MIA
5659,John Atkins,DT,ATL
5865,Dre'Mont Jones,DE,DEN
4549,Rashaad Coward,OL,JAX
7021,Rico Dowdle,RB,DAL
6808,Josh Jones,OL,ARI
391,Ryan Succop,K,TB
6426,Chandler Brewer,OL,LAR
4985,Rashaad Penny,RB,SEA
5520,Jonathan Owens,DB,HOU
7449,Parnell Motley,CB,DET
3508,Marcus Henry,C,ARI
5289,Cameron Batson,WR,TEN
2420,Ibraheim Campbell,DB,IND
7320,Dalton Schoen,WR,WAS
2133,Davante Adams,WR,GB
6866,K.J. Hill,WR,LAC
8053,Dareuan Parker,OL,CHI
7027,Jared Mayden,DB,PHI
6145,Juan Thornhill,DB,KC
1932,DaQuan Jones,DT,CAR
7547,Amon-Ra St. Brown,WR,DET
2433,Jon Feliciano,OG,BUF
8038,Nick Guggemos,TE,WAS
7991,Darius Stills,DT,LV
3676,Trevon Coley,DT,TEN
956,Mark Ingram,RB,NO
7116,Kevin Dotson,OL,PIT
1961,Bryan Witzmann,G,ATL
1502,Chris Thompson,RB,CHI
7643,Penei Sewell,T,DET
7413,John Molchon,G,TB
7222,Myles Adams,DT,SEA
5075,Ogbonnia Okoronkwo,LB,LAR
7753,Pressley Harvin,P,PIT
5569,Johnny Stanton,FB,CLE
7709,Rashad Weaver,LB,TEN
5539,Derrick Willies,WR,CLE
6790,D'Andre Swift,RB,DET
1817,Sammy Watkins,WR,BAL
7565,Terrace Marshall,WR,CAR
7903,Briley Moore-McKinney,TE,TEN
7817,Earnest Brown,DE,LAR
7751,Dax Milne,WR,WAS
7498,Rex Sunahara,LS,MIA
7646,Boogie Basham,DE,BUF
7735,Cary Angeline,TE,PHI
5016,Malik Jefferson,LB,IND
6131,Mack Wilson,LB,CLE
2719,Anthony Harris,DB,PHI
7077,Jacob Bobenmoyer,LS,DEN
358,Andre Smith,T,BAL
5962,KeeSean Johnson,WR,PHI
6219,Austin Seibert,K,DET
1700,Jeff Heath,DB,NO
5121,Braxton Berrios,WR,NYJ
7969,Adrian Ealy,OT,BAL
7120,Trevis Gipson,LB,CHI
LAR,LAR,DEF,LAR
5989,Trysten Hill,DT,DAL
4329,Chris Muller,G,DEN
5257,Tim Boyle,QB,DET
3242,Kenyan Drake,RB,LV
5727,Nick Thurman,DE,ATL
7189,Delrick Abrams,DB,ATL
4133,John Johnson,DB,CLE
8029,Marvin Wilson,DT,PHI
4323,Darrell Daniels,TE,ARI
6308,Ian Bunting,TE,DAL
2343,Preston Smith,LB,GB
3266,Tavon Young,CB,BAL
6787,Jedrick Wills,OT,CLE
7785,Cole Van Lanen,OL,GB
4982,Mike Hughes,CB,KC
5475,Nate Wozniak,T,NYG
1264,Justin Tucker,K,BAL
843,Cameron Heyward,DT,PIT
7953,Bryan Mills,CB,CLE
2034,Gabe Jackson,G,SEA
4159,Ryan Glasgow,DT,NO
4991,James Daniels,OL,CHI
7279,DeMichael Harris,WR,IND
4435,Anthony Firkser,TE,TEN
7549,CJ Marable,RB,CHI
4160,Josh Malone,WR,DEN
7173,Jalen McCleskey,WR,NO
4814,De'Quan Hampton,WR,SEA
7787,Damar Hamlin,DB,BUF
5015,Sam Hubbard,DE,CIN
5570,Chad Beebe,WR,MIN
6257,Roderic Teamer,DB,LV
2161,Jerick McKinnon,RB,KC
3295,Dean Lowry,DE,GB
8096,Lakiem Williams,LB,NO
6829,Kristian Fulton,CB,TEN
1098,Brandon Brooks,G,PHI
3751,Winston Rose,CB,CIN
4995,Ian Thomas,TE,CAR
7229,Dieter Eiselen,OL,CHI
7626,Jayson Oweh,LB,BAL
5104,Scott Quessenberry,OL,LAC
6896,Amik Robertson,CB,LV
4451,Isaac Whitney,WR,ARI
7761,Tre Norwood,DB,PIT
6266,Alexander Myres,CB,SF
4752,Fred Brown,WR,TEN
6789,Henry Ruggs,WR,LV
4175,Chad Hansen,WR,DET
2425,Josh Shaw,SS,ARI
5203,K.J. Malone,T,HOU
6334,Damarea Crockett,RB,DEN
8021,Branden Mack,WR,DEN
2189,Tyler Gaffney,RB,NE
5328,Tremon Smith,DB,HOU
7513,Manny Patterson,DB,KC
5906,Dawson Knox,TE,BUF
6234,Deonte Harris,WR,NO
7080,Omar Bayless,WR,CAR
7739,Bryce Hargrove,OL,ATL
4990,Darius Leonard,LB,IND
7757,Ben Skowronek,WR,LAR
5744,Eldridge Massington,WR,NO
1997,Josh Wells,T,TB
5839,Rashan Gary,LB,GB
1875,C.J. Mosley,LB,NYJ
7998,Riley Cole,LB,KC
4980,Leighton Vander Esch,LB,DAL
4162,Ryan Switzer,WR,CLE
1205,Rodney McLeod,DB,PHI
7008,Brian Lewerke,QB,NYG
7227,Artavis Pierce,RB,CHI
6397,Jaylen Johnson,DL,DEN
2332,Byron Jones,CB,MIA
4197,Isaiah McKenzie,WR,BUF
5340,Andre Smith,LB,BUF
7742,Kion Smith,T,MIA
6795,Ross Blacklock,DT,HOU
6879,Quartney Davis,WR,IND
7737,Jack Batho,OL,ATL
5294,Mikah Holder,WR,WAS
6348,Del'Shawn Phillips,LB,NYJ
4923,Rushel Shell III,RB,PIT
6144,Trayveon Williams,RB,CIN
5173,Dalton Keene,DE,LAR
8018,Shaun Beyer,TE,DEN
6453,D.J. Montgomery,WR,NYJ
4987,Frank Ragnow,C,DET
3668,Joshua Perkins,TE,SF
6986,Nigel Warrior,DB,SEA
PIT,PIT,DEF,PIT
4145,Vince Biegel,LB,MIA
3340,Jerell Adams,TE,TB
7876,Michael Dwumfour,DT,HOU
6850,Harrison Bryant,TE,CLE
7558,Whop Philyor,WR,MIN
1800,Jordan Matthews,TE,SF
1340,Lane Johnson,T,PHI
1071,Mohamed Sanu,WR,SF
3227,T.J. Green,DB,ATL
7838,Larry Borom,OL,CHI
4383,Adam Pankey,T,MIA
7038,Darius Anderson,RB,IND
7693,Chauncey Golston,DE,DAL
4158,Eddie Jackson,DB,CHI
6877,Keith Ismael,C,WAS
3174,Leonard Floyd,LB,LAR
2548,Akeem King,CB,MIA
2714,Gabe Holmes,TE,TEN
4939,Roderick Henderson,DT,TEN
4050,Cyril Grayson,WR,TB
6860,Akeem Davis-Gaither,LB,CIN
5956,Isaiah Prince,T,CIN
4975,Taven Bryan,DE,JAX
6082,Corbin Kaufusi,OL,SF
7883,Joey Capra,OL,GB
6844,Isaiah Wilson,T,NYG
7434,Kemah Siverand,DB,LV
5377,Jamarco Jones,T,SEA
7951,BJ Emmons,RB,LV
3250,Le'Raven Clark,T,PHI
7020,Cam Brown,LB,NYG
6984,Tony Jones,RB,NO
3322,D.J. Reader,DT,CIN
5027,Geron Christian,OL,HOU
5329,Armani Watts,DB,KC
2435,Shaquille Mason,OL,NE
5466,John Franklin-Myers,DT,NYJ
4102,Dion Dawkins,OT,BUF
3730,Tevin Jones,WR,JAX
3167,Jaylon Smith,LB,GB
7233,Andre Baccellia,WR,ARI
3269,Chris Moore,WR,HOU
2028,Derek Carr,QB,LV
4393,Cameron Malveaux,DE,PHI
5021,Lorenzo Carter,LB,NYG
6897,Jabari Zuniga,DE,NYJ
4099,Duke Riley,LB,MIA
1945,Chris Boswell,K,PIT
7768,Jack Anderson,G,PHI
908,Prince Amukamara,DB,NO
7984,Drue Chrisman,P,CIN
3219,Jason Spriggs,OL,ATL
8006,Isaiah Kaufusi,LB,IND
2677,Neville Hewitt,LB,HOU
6999,Benito Jones,DT,MIA
4828,Rashard Davis,WR,TEN
6915,Alton Robinson,DE,SEA
6461,Matt Orzech,LS,LAR
6987,Hakeem Adeniji,G,CIN
3735,Duke Thomas,CB,BUF
4531,Ricky Seals-Jones,TE,WAS
6822,Jake Fromm,QB,BUF
4272,Sam Tevi,OT,IND
5007,Keke Coutee,WR,IND
8023,Nolan Laufenberg,G,WAS
7628,Eric Stokes,CB,GB
5069,Kylie Fitts,LB,ARI
1633,Rashaan Melvin,CB,CAR
2374,Tyler Lockett,WR,SEA
7962,Sadarius Hutcherson,OG,TB
8027,Tre Harbison,RB,CLE
8078,Brontae Harris,DB,LAR
829,Andy Dalton,QB,CHI
825,Jimmy Smith,CB,BAL
1785,James Winchester,LS,KC
3257,Jacoby Brissett,QB,MIA
7311,Javin White,LB,LV
5436,Emmanuel Moseley,CB,SF
6417,William Sweet,OL,ATL
7839,Evan McPherson,K,CIN
4165,Julien Davenport,T,IND
5908,Amani Hooker,DB,TEN
7555,Jamie Newman,QB,PHI
3363,Kamu Grugier-Hill,LB,HOU
7409,Isaac Alarcon,OT,DAL
2645,Quinton Dunbar,CB,GB
1553,John Jenkins,DT,MIA
4056,Jabrill Peppers,DB,NYG
4974,Terrell Edmunds,DB,PIT
5405,Cole Boozer,OT,WAS
1433,Brandon McManus,K,DEN
1750,Giorgio Tavecchio,K,TEN
7820,Daelin Hayes,LB,BAL
6634,Nate Brooks,CB,TEN
4540,Austin Rehkow,P,IND
5914,David Long,CB,LAR
6051,Darryl Johnson,DE,CAR
1620,Jahleel Addae,DB,IND
6752,Derrick Kelly II,,NO
6921,Josh Uche,LB,NE
7827,Darrick Forrest,DB,WAS
2192,Andrew Norwell,OL,JAX
7580,Khalil McClain,WR,MIA
5303,Joel Iyiegbuniwe,LB,CHI
2340,Mario Edwards,DE,CHI
2270,Justin Britt,OL,HOU
3279,Juston Burris,DB,CAR
3813,Tre Roberson,CB,CHI
6344,Picasso Nelson,CB,ARI
5092,Troy Fumagalli,TE,NE
1067,Marvin Jones,WR,JAX
4999,Josh Sweat,DE,PHI
8095,Graham Adomitis,TE,IND
1345,Kiko Alonso,LB,SF
3692,Alex Redmond,OG,NE
3206,Joe Schobert,LB,PIT
6217,Blake Cashman,LB,NYJ
3882,Zach Wood,LS,NO
7726,Derrick Barnes,LB,DET
2230,Lamarcus Joyner,DB,NYJ
5261,Jester Weah,WR,CHI
7356,Tyshun Render,DE,MIA
3803,Elijhaa Penny,RB,NYG
6540,DeAndre Thompkins,WR,GB
1789,Josh Andrews,C,ATL
7944,Mike Strachan,WR,IND
579,Linval Joseph,DT,LAC
7546,Tre Nixon,WR,NE
7520,Innis Gaines,DB,GB
3645,Tyler Marz,G,MIA
7655,Asante Samuel,CB,LAC
7946,Jack Stoll,TE,PHI
4956,Nick Dooley,LS,MIN
1407,Christopher Hubbard,T,CLE
6060,Sean Murphy-Bunting,CB,TB
4306,Taylor Reynolds,CB,ATL
7658,Kelvin Joseph,CB,DAL
1466,Travis Kelce,TE,KC
7055,Sewo Olonilua,FB,DAL
7633,Kwity Paye,DE,IND
4878,Brandon Zylstra,WR,CAR
2643,Deshazor Everett,DB,WAS
6963,Patrick Taylor,RB,GB
7601,Rondale Moore,WR,ARI
3849,Wynton McManis,LB,NO
1561,Steven Means,LB,ATL
3664,J.D. McKissic,RB,WAS
7323,Nathan Gilliam,G,LAC
5873,Riley Ridley,WR,CHI
4913,Aiulua Fanene,DT,GB
7174,Juwan Green,WR,ATL
4298,Cam Keizur,C,ATL
5708,Da'sean Downey,DE,BAL
4325,Thomas Hennessy,LS,NYJ
2668,Xavier Williams,DT,ARI
260,Josh Johnson,QB,NYJ
2078,Odell Beckham,WR,CLE
6058,Lamont Gaillard,C,CIN
5439,Austin Schlottmann,G,DEN
7391,Bryce Huff,DE,NYJ
5658,Dee Delaney,CB,TB
6285,Xavier Crawford,DB,CHI
5362,Jordan Mailata,T,PHI
8088,Kalif Jackson,TE,MIA
4167,Zach Banner,T,PIT
7497,Kamaal Seymour,OT,LV
7466,Nathan Cottrell,RB,JAX
6077,Phil Haynes,OG,SEA
7410,David Bada,DT,WAS
879,Rodney Hudson,OL,ARI
7937,Kyle Spalding,OL,LAC
6168,John Ursua,WR,SEA
7982,Dorian Etheridge,LB,ATL
7532,Rakeem Boyd,RB,DET
5089,Mike White,QB,NYJ
2986,Greg Mancz,OL,MIA
6711,Jalen Thompson,DB,ARI
2827,DeShawn Williams,DT,DEN
5930,Jaquan Johnson,DB,BUF
8065,Troy Warner,DB,TB
2309,Amari Cooper,WR,DAL
5370,Marcell Harris,LB,SF
6959,LeVante Bellamy,RB,DEN
6354,Nate Meadors,DB,PHI
7670,Josh Palmer,WR,LAC
7170,Jarren Williams,CB,NYG
1049,Ryan Tannehill,QB,TEN
7185,Ray Wilborn,LB,GB
5009,Christopher Herndon,TE,MIN
2033,Shelby Harris,DE,DEN
19,Joe Flacco,QB,NYJ
5204,Anthony Coyle,T,IND
4693,Andrew Wylie,G,KC
7758,Will Fries,G,IND
3202,Austin Hooper,TE,CLE
2673,Damiere Byrd,WR,CHI
8032,Aaron Donkor,LB,SEA
6762,Darion Clark,TE,CHI
7970,Ar'Darius Washington,DB,BAL
6494,Bryan Mone,DT,SEA
6419,P.J. Locke,DB,DEN
6210,Darnell Savage,DB,GB
7169,Jace Whittaker,CB,ARI
5117,Jordan Thomas,TE,IND
7684,Jalen Mayfield,OL,ATL
6027,Nate Hall,LB,LAC
4643,Calvin Munson,LB,NE
4199,Aaron Jones,RB,GB
5401,Armanti Foreman,WR,MIN
5692,Ryan Santoso,K,DET
3559,Ryan Smith,CB,LAC
6967,Aaron Fuller,WR,SEA
7283,Chris Williams,DT,IND
5554,Reggie Hall,CB,NYJ
6128,Rock Ya-Sin,CB,IND
7109,Malcolm Perry,WR,NE
4196,Roderick Johnson,T,MIA
6957,James Proche,WR,BAL
7988,Riley Lees,WR,CIN
6610,Demetrius Flannigan-Fowles,LB,SF
7978,Tre Walker,WR,BUF
6555,AJ Cole,P,LV
4073,Taco Charlton,DE,PIT
4914,Glen Coffee,RB,SF
7624,Carson Williams,TE,LV
5963,Nate Herbig,G,PHI
4112,Tarell Basham,DE,DAL
6783,Jerry Jeudy,WR,DEN
5074,Micah Kiser,LB,DEN
7924,Jaytlin Askew,CB,MIA
4142,Nazair Jones,DT,BUF
1174,Mike Daniels,DT,CIN
NE,NE,DEF,NE
1577,Kevin Minter,LB,TB
7712,Robert Rochell,DB,LAR
7656,Jackson Carman,G,CIN
7360,Brady Aiello,T,CLE
4996,Kyle Lauletta,QB,JAX
7718,Tyler Shelvin,DT,CIN
6552,Malik Henry,WR,NO
3178,Josh Doctson,WR,ARI
5947,Jakobi Meyers,WR,NE
6138,Saivion Smith,CB,DEN
7531,Feleipe Franks,QB,ATL
3304,Quinton Jefferson,DT,LV
2350,Eric Kendricks,LB,MIN
4778,Reggie Davis,WR,DAL
5891,Yodny Cajuste,OL,NE
7487,Delontae Scott,LB,PIT
989,James Carpenter,T,BAL
5872,Deebo Samuel,WR,SF
2386,John Miller,G,CAR
4976,Daron Payne,DT,WAS
1464,Eric Fisher,OT,IND
4294,Deante Burton,CB,DAL
3156,Joey Bosa,LB,LAC
4037,Chris Godwin,WR,TB
2390,Tyler Kroft,TE,NYJ
7458,Isaiah Zuber,WR,SF
6518,Greg Roberts,DE,CAR
2359,Ameer Abdullah,RB,CAR
6124,Montez Sweat,DE,WAS
7013,Steven Montez,QB,DET
8089,Sal Cannella,TE,MIA
7792,Landon Young,T,NO
2130,Kyle Van Noy,LB,NE
6352,Duplicate Player,RB,LAR
4138,Cameron Sutton,CB,PIT
7253,Ron'Dell Carter,LB,ARI
6122,Jonah Williams,T,CIN
7600,Pat Freiermuth,TE,PIT
4104,Taylor Moton,T,CAR
4507,Ben Braden,G,GB
5514,Evan Perroni,,TB
7921,Christian Elliss,LB,PHI
3867,Branden Jackson,DE,SEA
7079,Pete Guerriero,RB,PIT
6952,Jonah Jackson,G,DET
2168,Devonta Freeman,RB,BAL
6208,Elliott Fry,K,ATL
6493,Justin Johnson,TE,ARI
2671,Josh Lambo,K,JAX
5171,Kevin Rader,TE,PIT
7162,Ryan Becker,TE,ATL
6650,Chase McLaughlin,K,CLE
3543,Spencer Pulley,C,TEN
4499,Chase Dominguez,LS,NO
2389,Jordan Hicks,LB,ARI
1387,Rex Burkhead,RB,HOU
5311,R.J. McIntosh,DT,GB
6239,Malik Taylor,WR,GB
8071,Mitchell Fraboni,LS,HOU
738,Clark Harris,LS,CIN
6120,Christian Wilkins,DT,MIA
7664,Christian Barmore,DT,NE
5146,Matt Gono,OT,ATL
CLE,CLE,DEF,CLE
5368,Greg Stroman,CB,WAS
1933,Taylor Lewan,OT,TEN
6763,Reggie Begelton,WR,GB
2821,Jake Kumerow,WR,BUF
997,Malcolm Smith,LB,CLE
8042,Chris Naggar,K,CLE
7319,Jeff Cotton,WR,JAX
7773,Larnel Coleman,T,MIA
7654,Aaron Banks,OL,SF
7049,Jauan Jennings,WR,SF
7061,Cameron Clark,OT,NYJ
4157,Tarik Cohen,RB,CHI
491,Danny Amendola,WR,HOU
7270,Will Sunderland,CB,SEA
7521,Chris Blair,WR,GB
7053,Daniel Thomas,DB,JAX
6883,Lucas Niang,OL,KC
7289,Doug Costin,DT,JAX
7917,Turner Bernard,LS,MIN
3274,Nick Kwiatkoski,LB,LV
5230,Michael Badgley,K,IND
7433,Gavin Heslop,CB,SEA
4922,Garrett Scantling,WR,ATL
7561,Elijah Mitchell,RB,SF
7692,Kendrick Green,C,PIT
7634,Jamin Davis,LB,WAS
6557,Jeff Smith,WR,NYJ
7205,Marquel Harrell,G,CAR
5857,Noah Fant,TE,DEN
1737,Case Keenum,QB,CLE
5934,Charles Omenihu,DE,HOU
2495,Nick O'Leary,TE,LV
2445,Adrian Amos,DB,GB
5427,Laquvionte Gonzalez,WR,LAR
7401,Khalil Tate,WR,PHI
2240,Deone Bucannon,LB,TB
3343,Nate Sudfeld,QB,SF
4105,Jordan Willis,DE,SF
4353,Patrick Ricard,FB,BAL
7679,Alim McNeill,NT,DET
345,Brian Hoyer,QB,NE
2086,Weston Richburg,C,SF
8077,Otis Anderson,RB,LAR
583,Brandon Graham,DE,PHI
4603,Jeremiah Valoaga,DE,NYJ
6059,Travis Fulgham,WR,MIA
2407,Daryl Williams,OL,BUF
5382,Nick Nelson,CB,IND
5639,Ryan Winslow,P,CAR
6477,Duplicate Player,ILB,DEN
7818,T.J. Slaton,DT,GB
6084,Hjalte Froholdt,G,CLE
4892,Baker Mayfield,QB,CLE
7023,Willie Gay,LB,KC
4464,Nick Mullens,QB,CLE
5008,Durham Smythe,TE,MIA
6585,Tony Brooks-James,RB,PIT
7352,Matt Cole,WR,CAR
3761,Lafayette Pitts,DB,PIT
5996,Porter Gustin,DE,CLE
7384,Jaquarius Landrews,DB,NYG
5080,Damion Ratley,WR,DAL
5111,Javon Wims,WR,LV
3301,Connor McGovern,OL,NYJ
7891,Brock Wright,TE,DET
7916,Paris Ford,DB,LAR
3327,Alex Collins,RB,SEA
3714,Charles Washington,DB,ARI
1366,Duron Harmon,DB,ATL
4128,Chad Williams,WR,KC
5321,Hunter Bradley,LS,GB
7019,Chauncey Rivers,LB,GB
7939,Ben DeLuca,DB,LAC
7136,Kamren Curl,DB,WAS
13,Sam Koch,P,BAL
7135,Freddie Swain,WR,SEA
7477,Tyler Clark,DT,KC
3195,Noah Spence,DE,CIN
5653,Jordan Thomas,CB,PHI
2468,Bradley Pinion,P,TB
1529,J.C. Tretter,C,CLE
4911,Quinton Schooley,C,WAS
7502,Dominique Dafney,TE,GB
2818,Michael Palardy,P,MIA
7015,Jacob Breeland,TE,BAL
6214,Quincy Williams,LB,NYJ
5323,Equanimeous St. Brown,WR,GB
3057,B.J. Finney,OL,PIT
3513,Jared Norris,LB,WAS
1489,J.J. Wilcox,SS,ATL
3022,De'Vante Bausby,CB,NE
3451,Ka'imi Fairbairn,K,HOU
3164,Ezekiel Elliott,RB,DAL
3232,Adam Gotsis,DE,JAX
5170,Phillip Lindsay,RB,HOU
1873,Richie Leone,P,ARI
7877,Hamilcar Rashed,DE,NYJ
5988,Mitch Hyatt,OL,DAL
7603,Shi Smith,WR,CAR
5223,Caleb Scott,WR,LV
7814,Cameron McGrone,LB,NE
6878,Anthony McFarland,RB,PIT
5048,Isaac Yiadom,CB,GB
6929,Brian Cole,DB,CAR
531,Joe Haden,CB,PIT
2194,Trai Turner,G,PIT
4681,Reggie Davis,WR,CHI
8036,Zeandae Johnson,DT,MIN
5139,Trey Quinn,WR,LV
3334,D.J. White,CB,LV
6919,Thaddeus Moss,TE,CIN
3367,Kavon Frazier,DB,CIN
1837,Jimmy Garoppolo,QB,SF
7755,Chris Wilcox,CB,IND
4063,Haason Reddick,LB,CAR
7834,Jaylon Moore,OL,SF
7812,Simi Fehoko,WR,DAL
6798,Jalen Reagor,WR,PHI
7301,Tershawn Wharton,DT,KC
1395,Shawn Williams,DB,ATL
7959,Augie Contressa,DB,TB
3246,Daryl Worley,CB,DET
7930,Raymond Johnson,DE,NYG
6639,Terrell Bonds,CB,MIA
2462,J.J. Nelson,WR,IND
2108,Kyle Fuller,CB,DEN
6067,Ryan Pope,OT,LAR
5325,Peter Kalambayi,LB,DEN
6938,Cam Akers,RB,LAR
947,Julio Jones,WR,TEN
4163,Jalen Reeves-Maybin,LB,DET
6429,J.T. Hassell,DB,NYJ
6835,Tyler Biadasz,C,DAL
2368,Frank Clark,DE,KC
7853,Naquan Jones,DT,TEN
5235,David Wells,TE,ARI
8076,Michael Bandy,WR,LAC
4505,Cameron Tom,C,MIA
7280,Carter O'Donnell,T,IND
6104,Alijah Holder,DB,DET
7774,Jimmy Morrissey,OL,HOU
6965,Jonathan Garvin,LB,GB
7936,Amen Ogbongbemiga,LB,LAC
1077,Travis Benjamin,WR,SF
3827,Aldrick Rosas,K,NO
7431,Eli Mencer,DE,SEA
6940,Shyheim Carter,DB,HOU
3278,Pharoh Cooper,WR,JAX
4255,Elijah Lee,LB,CLE
3201,Roberto Aguayo,K,NE
4221,Jeremy Sprinkle,TE,DAL
2312,Kevin White,WR,NO
2257,Carlos Hyde,RB,JAX
SEA,SEA,DEF,SEA
4120,Obi Melifonwu,DB,PHI
6288,Marcus Green,WR,PHI
7083,Tyler Huntley,QB,BAL
5664,Trent Harris,LB,NYG
7550,Warren Jackson,WR,MIN
5052,Ronald Jones,RB,TB
5565,Jason Cabinda,FB,DET
7683,Monty Rice,LB,TEN
1381,John Simon,LB,TEN
3695,J.P. Holtz,TE,CHI
3193,Germain Ifedi,OL,CHI
7736,Lorenzo Burns,CB,JAX
957,Cameron Jordan,DE,NO
4937,Al Riles,WR,IND
7977,Syrus Tuitele,OG,BUF
2296,Terrance Parks,SS,ATL
6813,Jonathan Taylor,RB,IND
7285,Donald Rutledge,LB,ARI
2324,Cameron Erving,T,CAR
6925,Essang Bassey,CB,DEN
6969,Dane Jackson,CB,BUF
7963,Elijah Ponder,LB,TB
5031,Oren Burks,LB,GB
4931,Austin Appleby,QB,DAL
4877,Drew Williams,LS,ARI
5041,Fred Warner,LB,SF
4927,Deondre Barnett,DE,TB
5040,Tarvarius Moore,DB,SF
7075,Charlie Woerner,TE,SF
4241,Pat O'Connor,DE,TB
4225,Tanner Vallejo,LB,ARI
3390,Lachlan Edwards,P,CAR
385,Britton Colquitt,P,MIN
5166,Da'Mari Scott,WR,NYG
623,Rodger Saffold,G,TEN
HOU,HOU,DEF,HOU
2393,Danielle Hunter,DE,MIN
5668,Aaron Stinnie,G,TB
5923,Joe Jackson,DE,CLE
7702,Royce Newman,OL,GB
6886,Chase Claypool,WR,PIT
7866,Austin Faoliu,DT,DAL
4881,Lamar Jackson,QB,BAL
7095,Austin MacGinnis,K,LAR
7846,Caleb Johnson,LB,CHI
7913,Shaq Smith,LB,NO
4055,O.J. Howard,TE,TB
2460,C.J. Uzomah,TE,CIN
7989,DJ Turner,WR,LV
6009,Jordan Miller,DB,NO
181,Drew Stanton,QB,TB
6244,Brandon Rusnak,CB,JAX
5000,Chase Edmonds,RB,ARI
6405,Ken Webster,CB,SF
2064,Demarcus Lawrence,DE,DAL
4754,Duplicate Player,,BUF
5049,Harrison Phillips,DT,BUF
6666,Noah Dawkins,LB,NYJ
7030,Casey Toohill,DE,WAS
6209,Ishmael Hyman,WR,CAR
6849,Denzel Mims,WR,NYJ
7851,Chandon Herring,OL,TEN
5302,Bilal Nichols,DT,CHI
343,Patrick Chung,SS,NE
2501,Quandre Diggs,DB,SEA
4998,DaeSean Hamilton,WR,DEN
2067,Terrance Mitchell,DB,HOU
7543,Travis Etienne,RB,JAX
1088,Kelvin Beachum,OL,ARI
6946,Myles Bryant,DB,NE
2463,Jesse James,TE,CHI
1518,Darius Slay,CB,PHI
7858,Brenden Knox,RB,DAL
3576,Reid Ferguson,LS,BUF
2801,DeAndrew White,WR,BAL
6974,Javaris Davis,CB,MIA
7381,Niko Lalos,DE,NYG
6179,Jahlani Tavai,LB,NE
7085,Isaiah Coulter,WR,CHI
6632,Dan Godsil,LS,CIN
6221,Justin Skule,OT,SF
7316,Darius Bradwell,RB,LAC
7888,Tavante Beckett,LB,DET
7898,Shakur Brown,CB,DET
6432,Otaro Alaka,LB,BAL
2449,Stefon Diggs,WR,BUF
6108,Jacques Patrick,RB,SF
6961,Harrison Hand,CB,MIN
1141,Melvin Ingram,LB,PIT
5975,Alize Mack,TE,DET
3423,Robby Anderson,WR,CAR
3354,Derek Watt,FB,PIT
7226,Myles Hartsfield,DB,CAR
359,Alex Mack,C,SF
6834,Jared Pinkney,TE,LAR
7665,Landon Dickerson,OL,PHI
5182,Patrick Morris,C,TEN
1947,Jadeveon Clowney,DE,CLE
7894,Lamont Wade,DB,PIT
3283,Jerald Hawkins,OT,NE
8014,Ryan McCollum,C,DET
4115,Pat Elflein,G,CAR
6995,Carlos Davis,DT,PIT
6579,Shakial Taylor,CB,PHI
5721,Corey Bojorquez,P,GB
5528,Montrel Meander,LB,CLE
6150,Max Scharping,OL,HOU
6423,Daniel Wise,DT,WAS
7995,Max Richardson,LB,LV
7098,Ty'Son Williams,RB,BAL
1684,Jaron Brown,WR,ARI
4895,Lamar Atkins,WR,JAX
6792,Javon Kinlaw,DT,SF
1525,Micah Hyde,DB,BUF
2344,Eddie Goldman,DT,CHI
7050,Josiah Deguara,TE,GB
5904,David Edwards,OL,LAR
5162,Reggie Bonnafon,RB,CAR
7906,Mike Brown,OL,NO
5095,Daniel Carlson,K,LV
6817,Noah Igbinoghene,CB,MIA
1965,Zach Kerr,DE,SF
6178,Darwin Thompson,RB,TB
3159,Laremy Tunsil,OL,HOU
5984,Anthony Ratliff-Williams,WR,SEA
4030,Reuben Foster,LB,WAS
5952,Chase Hansen,LB,NO
3162,Ronnie Stanley,T,BAL
6294,Ty Summers,LB,GB
5890,Damien Harris,RB,NE
3627,Shaneil Jenkins,DE,NYJ
5003,Shaquem Griffin,LB,MIA
7914,Jovan Grant,DB,LAR
4174,Deatrich Wise,DE,NE
3868,Jalen Richard,RB,LV
6303,Joshua Miles,OL,ARI
4110,Zach Cunningham,LB,HOU
5409,Tanner Hudson,TE,SF
6105,Joe Giles-Harris,LB,BUF
5910,Ben Powers,G,BAL
943,Kyle Rudolph,TE,NYG
3785,Brandin Bryant,DT,BUF
2476,James O'Shaughnessy,TE,JAX
6665,Jody Fortson,TE,KC
6022,Javon Patterson,OL,DEN
5953,Demarcus Christmas,DT,PIT
7554,Tre' McKitty,TE,LAC
7453,Javon Hagan,DB,ARI
1103,Whitney Mercilus,LB,GB
7452,Josh Pearson,WR,TB
7017,Trajan Bandy,CB,CIN
7143,Ben DiNucci,QB,DAL
6587,Quindarius Thagard,DT,BUF
7175,Chris Rowland,WR,ATL
6828,AJ Dillon,RB,GB
89,Chad Henne,QB,KC
1308,Jamize Olawale,FB,DAL
4151,Jake Butt,TE,CHI
905,Tyron Smith,T,DAL
6810,Andrew Thomas,T,NYG
1197,Michael Brockers,DE,DET
7687,Nahshon Wright,CB,DAL
6842,Jeff Gladney,CB,MIN
7886,Drake Jackson,C,NE
6262,Jeremiah Harris,DE,NYG
6955,James Robinson,RB,JAX
7606,Kadarius Toney,WR,NYG
5902,Penny Hart,WR,SEA
4107,Chidobe Awuzie,CB,CIN
5349,Korey Cunningham,T,NYG
6528,Joey Slye,K,SF
1536,Xavier Rhodes,CB,IND
7491,Cedrick Lattimore,DT,SEA
5038,Michael Gallup,WR,DAL
7219,Branden Bowen,OL,ARI
6612,Luke Gifford,LB,DAL
4208,Rodney Adams,WR,CHI
2147,Joe Thomas,LB,BAL
6990,Tanner Muse,LB,SEA
2172,Jake Matthews,T,ATL
4661,Michael Davis,CB,LAC
7271,Henry Black,DB,GB
6216,Ugochukwu Amadi,DB,SEA
4082,Curtis Samuel,WR,WAS
8050,Lorenzo Neal,DT,DEN
6486,C.J. Toogood,G,BAL
7207,Isiah Brown,CB,BUF
6157,Renell Wren,DT,CIN
1159,Riley Reiff,T,CIN
7920,Tuf Borland,LB,MIN
8033,Bernhard Seikovits,TE,ARI
5766,Sam Beal,CB,NYG
3765,Donte Deayon,CB,LAR
4215,Brian Allen,CB,CLE
4147,Samaje Perine,RB,CIN
2869,C.J. Goodwin,CB,DAL
2964,Michael Liedtke,G,WAS
7197,Kristian Welch,LB,BAL
5342,Marquis Haynes,DE,CAR
8012,Corey Straughter,CB,JAX
1509,Kyle Long,OG,KC
1428,David Quessenberry,OL,TEN
5443,Jeff Holland,LB,ATL
2238,John Brown,WR,DEN
6645,Anthony Chesley,CB,IND
6698,Casey Tucker,T,PHI
7412,Sandro Platzgummer,RB,NYG
7638,Alijah Vera-Tucker,OL,NYJ
2427,Za'Darius Smith,LB,GB
1703,Michael Thomas,DB,CIN
5572,Henry Mondeaux,DE,PIT
7910,Lawrence Woods,CB,NO
6609,Ross Reynolds,OG,TEN
5915,Andy Isabella,WR,ARI
7146,Vernon Scott,DB,GB
7006,Jacob Phillips,LB,CLE
5310,Antonio Callaway,WR,KC
3226,Cody Whitehair,OL,CHI
7123,Michael Onwenu,OL,NE
2517,Christian Covington,DT,LAC
6436,Malik Reed,LB,DEN
2308,Dante Fowler,LB,ATL
5178,Sean Chandler,DB,CAR
7867,Spencer Brown,RB,CAR
5894,Germaine Pratt,LB,CIN
7809,Avery Williams,CB,ATL
6019,Johnnie Dixon,WR,DAL
6549,Damion Willis,WR,WAS
1052,Demario Davis,LB,NO
5849,Kyler Murray,QB,ARI
7981,Zac Dawe,DT,ATL
6827,Bradlee Anae,DE,DAL
3241,Jonathan Bullard,DE,ATL
8052,Donte Sylencieux,WR,BAL
5367,Shaun Dion Hamilton,LB,DET
4344,C.J. Board,WR,NYG
7155,Tae Crowder,LB,NYG
6306,Patrick Mekari,OL,BAL
6821,Austin Jackson,T,MIA
7069,Alohi Gilman,DB,LAC
1486,Travis Frederick,C,DAL
6840,Damon Arnette,CB,LV
4017,Deshaun Watson,QB,HOU
2322,Arik Armstead,DE,SF
5854,Drew Lock,QB,DEN
5936,Nate Davis,G,TEN
7446,Tucker McCann,K,TEN
7081,James Morgan,QB,CAR
6125,Jeffery Simmons,DT,TEN
3251,Jordan Jenkins,DE,HOU
5371,Kentavius Street,DT,SF
3222,Deion Jones,LB,ATL
7885,Bailey Gaither,WR,GB
7187,Rojesterman Farris,DB,DEN
4177,Mack Hollins,WR,MIA
6114,Zack Bailey,G,IND
6175,Kerrith Whyte,RB,JAX
3629,Justin Murray,OL,ARI
4277,Adrian Colbert,DB,NYJ
421,Matthew Stafford,QB,LAR
1079,Tashaun Gipson,DB,CHI
5698,Brett Kendrick,OT,DET
5917,Mecole Hardman,WR,KC
2583,Tyrell Williams,WR,DET
2778,James Vaughters,LB,ATL
6003,Anthony Nelson,LB,TB
7777,Trey Smith,OL,KC
7714,Dan Moore,OT,PIT
5938,Lil'Jordan Humphrey,WR,NO
871,Von Miller,LB,DEN
4066,Evan Engram,TE,NYG
6804,Jordan Love,QB,GB
7200,Khalil Dorsey,CB,BAL
7772,Phil Hoskins,DT,CAR
5593,Ikenna Nwokeji,OL,PIT
6902,Jalen Elliott,DB,DET
6026,Albert Huggins,DT,NO
3190,Darron Lee,LB,LV
4279,Pita Taumoepenu,LB,DEN
5314,Logan Cooke,P,JAX
5057,Tyquan Lewis,DT,IND
3479,Antwaun Woods,DT,IND
4090,Raekwon McMillan,LB,NE
1999,Shaquil Barrett,LB,TB
5503,J.C. Hassenauer,C,PIT
5830,Sam Eguavoen,LB,MIA
6476,D'Angelo Ross,DB,NE
3290,Alex Lewis,OL,NYJ
6640,Herb Miller,CB,CLE
1516,Sam Martin,P,DEN
7974,Nick McCloud,CB,CIN
3342,Jakeem Grant,WR,CHI
7296,Brandon Wright,P,LAR
5156,Andrew Vollert,TE,IND
3976,Mitchell Trubisky,QB,BUF
2592,Grady Jarrett,DT,ATL
4865,Zach Triner,LS,TB
6566,Blake Hance,OG,CLE
1043,Stephon Gilmore,CB,CAR
6873,Austin Mack,WR,NYG
5876,Julian Love,DB,NYG
7704,Buddy Johnson,LB,PIT
3560,Austin Johnson,DT,NYG
4238,Xavier Woods,DB,MIN
7362,David Moa,DT,NYG
2318,Andrus Peat,OL,NO
6740,Brett Toth,OL,PHI
7790,Stone Forsythe,T,SEA
6839,Jaylon Johnson,DB,CHI
3183,Vernon Butler,DT,BUF
7685,Brandon Stephens,DB,BAL
1348,Dustin Hopkins,K,LAC
4964,Denzel Ward,CB,CLE
6695,Alex Brown,CB,DET
2363,Markus Golden,LB,ARI
1379,Kyle Juszczyk,FB,SF
7895,Franklin McCain,CB,PHI
6040,Tyree Jackson,TE,PHI
4080,Zay Jones,WR,LV
3400,Clayton Fejedelem,DB,MIA
1127,Danny Trevathan,LB,CHI
823,Pernell McPhee,LB,BAL
7473,Lee Autry,DT,LV
7068,Francis Bernard,LB,DAL
7358,Jake Bargas,FB,MIN
4051,Chad Kelly,QB,IND
7467,Blake Gillikin,P,NO
3194,Vernon Hargreaves,DB,HOU
4916,Royce Lafrance,DE,NO
6935,Josiah Scott,CB,PHI
5922,Mike Bell,LB,BUF
2143,Mike Pennel,DT,ATL
6784,Derrick Brown,DT,CAR
1836,Cameron Fleming,T,DEN
5993,Dakota Allen,LB,JAX
6204,Cole Mazza,LS,LAC
4448,Anthony Kukwa,LS,HOU
6072,Bruce Anderson,RB,IND
3399,Jayron Kearse,DB,DAL
7808,Ben Mason,FB,NE
6966,Javon Leake,RB,DET
8097,Dominique Martin,CB,GB
7855,Blake Haubeil,K,TEN
886,Taiwan Jones,RB,BUF
2014,Laurent Duvernay-Tardif,OG,KC
5726,Robert Spillane,LB,PIT
7254,Azur Kamara,DE,DAL
1887,Darqueze Dennard,CB,IND
4424,D.J. Killings,CB,LV
6628,Ventell Bryant,WR,CAR
5004,Ito Smith,RB,MIN
5345,Matthew Adams,LB,IND
7341,Eric Banks,DE,DET
6977,Justin Strnad,LB,DEN
5002,Maurice Hurst,DT,SF
5706,Jeremi Hall,G,CHI
4079,Kevin King,CB,GB
7865,Brandon Smith,WR,DAL
6570,Deion Calhoun,OL,DEN
4263,Elijah McGuire,RB,KC
4647,Colin Thompson,TE,CAR
2371,Jeremiah Poutasi,OL,LV
7082,Dalton Keene,TE,NE
2091,Bashaud Breeland,CB,MIN
6854,Curtis Weaver,DE,CLE
3192,Artie Burns,DB,CHI
4966,Mike McGlinchey,T,SF
7900,Jamar Watson,LB,PIT
2366,Ali Marpet,G,TB
5505,Jacob Tuioti-Mariner,LB,ATL
4689,Jamal Carter,DB,TEN
6843,Albert Okwuegbunam,TE,DEN
17,Matt Prater,K,ARI
3492,Jalin Marshall,WR,OAK
7090,Darnell Mooney,WR,CHI
5102,Daurice Fountain,WR,KC
8016,Max Pircher,OL,LAR
5036,Justin Reid,DB,HOU
LV,LV,DEF,LV
8055,Brian Johnson,K,NO
4203,Anthony Walker,LB,CLE
4083,Sidney Jones,CB,SEA
7456,Benning Potoa'e,DT,TB
6907,Nick Harris,C,CLE
2432,Damien Wilson,LB,JAX
7887,D'Angelo Amos,DB,DET
6001,Drew Sample,TE,CIN
6942,Jack Driscoll,T,PHI
4536,Jason Croom,TE,PHI
3220,Jarran Reed,DT,KC
4085,Adam Shaheen,TE,MIA
5848,Marquise Brown,WR,BAL
1706,Jack Doyle,TE,IND
6745,Duplicate Player,G,MIA
6569,Malcolm Pridgeon,G,PIT
7659,Trevon Moehrig,DB,LV
3224,Mackensie Alexander,CB,MIN
7115,Charlie Heck,T,HOU
3306,Jordan Howard,RB,PHI
2319,DeVante Parker,WR,MIA
3160,Jalen Ramsey,CB,LAR
7140,Lachavious Simmons,OL,CHI
3358,Anthony Zettel,DE,SF
5919,Elijah Holyfield,RB,CIN
3720,Reggie Gilbert,LB,DET
1027,Fletcher Cox,DT,PHI
6301,Nick Scott,DB,LAR
5150,Heath Harding,CB,ATL
6399,Kano Dillon,TE,WAS
6083,Matt Gay,K,LAR
7252,Elijah Benton,DB,NE
7530,Frank Darby,WR,ATL
6983,Michael Ojemudia,CB,DEN
6156,Benny Snell,RB,PIT
2327,Bud Dupree,LB,TEN
7661,Levi Onwuzurike,DE,DET
8080,Aashari Crosswell,DB,SEA
2543,Trenton Brown,OL,NE
7880,Jack Heflin,DT,GB
3527,Kevin Peterson,CB,ARI
6004,Andre James,C,LV
4283,Khalfani Muhammad,RB,ARI
6192,Chris Blewitt,K,WAS
7701,Tyree Gillespie,DB,LV
2027,Denico Autry,DE,TEN
7044,Julian Blackmon,DB,IND
5214,Holton Hill,CB,CIN
7047,Dante Olson,LB,PHI
6594,Nick Moore,LS,BAL
5966,Wyatt Ray,DE,CIN
7441,Brandon Kemp,T,TEN
7783,Quincy Roche,LB,NYG
2469,Joe Cardona,LS,NE
4202,Nate Hairston,CB,DEN
7058,Jaylinn Hawkins,SS,ATL
3582,Chester Rogers,WR,TEN
5515,Austin Olsen,OL,ARI
8057,Kenji Bahar,QB,BAL
2395,Carl Davis,DT,NE
7695,Osa Odighizuwa,DT,DAL
7947,Kayode Awosika,OL,PHI
6074,Donald Parham,TE,LAC
7152,Sam Sloman,K,PIT
1639,Patrick Omameh,OL,LV
7408,Prince Smith,DB,CLE
4149,Jamaal Williams,RB,DET
8008,Josh Imatorbhebhe,WR,JAX
5271,Buddy Howell,RB,LAR
6975,Darrion Daniels,DT,SF
6535,Nate Becker,TE,BUF
6968,Jordan Fuller,DB,LAR
5696,Chris Okoye,DT,LAC
3747,Cory Littleton,LB,LV
1245,Beau Brinkley,LS,DET
5064,Tracy Walker,DB,DET
2022,Daniel Sorensen,DB,KC
5859,A.J. Brown,WR,TEN
6927,Quez Watkins,WR,PHI
6087,Chris Johnson,DB,NYG
6677,Joe Forson,WR,KC
6643,Charles Holland,WR,CIN
2227,Aaron Donald,DT,LAR
6714,Mazzi Wilkins,DB,BAL
5920,Will Harris,DB,DET
4185,Will Holden,T,DET
7582,Jhamon Ausbon,WR,PHI
7489,Kylan Johnson,LB,MIA
7556,Marquez Stevenson,WR,BUF
4035,Alvin Kamara,RB,NO
6264,Jay Hayes,DE,PIT
7931,Forrest Merrill,DT,LAC
6563,Tyler Newsome,P,ARI
6427,Ashton Dulin,WR,IND
7150,Chris Jackson,DB,TEN
3351,Wes Schweitzer,G,WAS
5620,Elijaah Goins,FS,TEN
3667,Sharrod Neasman,DB,NYJ
7897,Roland Rivers,QB,PIT
5887,Dru Samia,OL,NYJ
6463,Lawrence Marshall,DL,CHI
4144,Jonnu Smith,TE,NE
4988,Nick Chubb,RB,CLE
5059,Rasheem Green,DE,SEA
6498,Willie Harvey,LB,CLE
7052,John Reid,CB,SEA
4230,Brandon Wilson,DB,CIN
7973,Foster Sarell,T,LAC
5218,Demone Harris,DE,KC
4686,Anthony Harrell,ILB,BUF
7536,Quintin Morris,TE,BUF
7653,Azeez Ojulari,LB,NYG
6982,Cheyenne O'Grady,TE,CIN
4092,Dalvin Tomlinson,DT,MIN
3256,Javon Hargrave,DT,PHI
2352,Eric Rowe,DB,MIA
5101,Deon Cain,WR,PHI
4219,Jeremy McNichols,RB,TEN
4075,Charles Harris,LB,DET
7719,Jordan Smith,DE,JAX
6876,A.J. Green,CB,CLE
5366,Tim Settle,DT,WAS
5495,Austin Larkin,DE,CAR
5058,Kemoko Turay,DE,IND
7824,Keith Taylor,CB,CAR
6339,Jamal Davis,DE,CLE
7596,Elijah Moore,WR,NYJ
8002,Shane Buechele,QB,KC
7026,Steven Gonzalez,OG,BUF
7232,Rashad Smith,LB,CHI
5030,Harold Landry,LB,TEN
8049,Deuce Wallace,DB,NO
4284,Brad Seaton,OT,TB
7400,Manasseh Bailey,WR,NYJ
7802,Tarron Jackson,DE,PHI
7540,Amari Rodgers,WR,GB
4129,Jourdan Lewis,CB,DAL
5194,Matt Flanagan,TE,JAX
6807,Patrick Queen,LB,BAL
5284,Jeffery Wilson,RB,SF
878,Justin Houston,LB,BAL
7457,Michael Dereus,WR,BAL
2617,Alex Singleton,LB,PHI
7611,Rhamondre Stevenson,RB,NE
3441,Matt Skura,C,NYG
5874,Kaleb McGary,T,ATL
7620,Jarvis Miller,LB,PIT
LAC,LAC,DEF,LAC
7406,Elijah Riley,DB,PHI
7281,Kameron Cline,DE,IND
1984,Allen Hurns,WR,MIA
7106,Lawrence Cager,WR,CLE
1372,Sheldon Richardson,DT,MIN
5853,Trayvon Mullen,CB,LV
2141,Corey Linsley,C,LAC
1193,Najee Goode,LB,IND
7327,T.J. Smith,DT,MIN
1029,Nick Foles,QB,CHI
6116,John Cominsky,DE,ATL
6307,Jordan Kunaszyk,LB,WAS
5424,Tony Brown,DB,LV
4972,Mason Rudolph,QB,PIT
6379,Khari Blasingame,FB,TEN
4973,Hayden Hurst,TE,ATL
4935,Charles Walker,DT,PHI
544,Kareem Jackson,DB,DEN
5450,Skai Moore,LB,IND
7861,Braylon Jones,C,DAL
8037,Josiah Bronson,DT,NO
5937,Diontae Johnson,WR,PIT
2944,Matt LaCosse,TE,NE
BAL,BAL,DEF,BAL
7675,Wyatt Davis,G,MIN
4086,DeMarcus Walker,DE,HOU
4957,Moubarak Djeri,DE,ARI
6635,Derrick Kelly,OL,NYG
7278,Jan Johnson,LB,TEN
536,Antonio Brown,WR,TB
7971,Sam Cooper,G,BAL
4551,Tanner Gentry,WR,BUF
4233,Zane Gonzalez,K,CAR
2613,Tyrell Adams,LB,SF
3973,Myles Garrett,DE,CLE
7359,Nakia Griffin-Stewart,TE,NYG
6025,Michael Jackson,CB,SEA
1364,Jamie Collins,LB,NE
7923,Robert Jones,G,MIA
166,Joshua Cribbs,WR,CLE
59,Mason Crosby,K,GB
7451,Cam Gill,LB,TB
6934,Ben Bredeson,G,NYG
827,Tyrod Taylor,QB,HOU
2260,Marcus Martin,C,NE
4701,Victor Salako,T,BUF
4123,Ethan Pocic,OL,SEA
1488,B.W. Webb,CB,SF
1826,Tyler Larsen,C,WAS
6991,Erroll Thompson,LB,ATL
1974,Cody Parkey,K,NO
5212,Hercules Mata'afa,DE,MIN
5866,Deionte Thompson,DB,ARI
7849,Charles Snowden,LB,CHI
4571,Blake Jarwin,TE,DAL
5288,Donnie Ernsberger,TE,TEN
7844,Sam Kamara,LB,CHI
4278,D.J. Jones,DT,SF
6096,Jamell Garcia-Williams,LB,ARI
6069,Stanley Morgan,WR,CIN
4155,Sean Harlow,OL,ARI
6181,Trevon Wesco,TE,NYJ
1563,Daren Bates,LB,ATL
4067,Jarrad Davis,LB,NYJ
6544,Aaron Adeoye,LB,GB
7965,Cameron Kinley,CB,TB
4468,Antony Auclair,TE,HOU
7364,Blake Lynch,LB,MIN
5293,Jordan Veasy,WR,HOU
5123,Trenton Cannon,RB,SF
2983,Curtis Riley,DB,TB
2237,Ethan Westbrooks,DT,LV
7567,Kenneth Gainwell,RB,PHI
8009,Dylan Moses,LB,JAX
7147,Thakarius Keyes,CB,IND
3702,Andy Jones,WR,NYG
2505,Darren Waller,TE,LV
3245,Shon Coleman,OT,SF
3218,A'Shawn Robinson,DT,LAR
6119,Devin White,LB,TB
1565,Cody Davis,DB,NE
7871,Oscar Draguicevich,P,CAR
6912,Davion Taylor,LB,PHI
490,Chase Daniel,QB,LAC
503,Graham Gano,K,NYG
368,Jason McCourty,DB,MIA
7101,Rodney Smith,RB,CAR
5363,Matt Pryor,T,IND
5741,Steven Parker,DB,NYG
7960,T.J. Simmons,WR,TB
7117,L'Jarius Sneed,CB,KC
5012,Mark Andrews,TE,BAL
5722,Darvin Kidsy,WR,SEA
4473,Alex Gray,FS,TB
5032,Jordan Akins,TE,HOU
8061,Jake Hausmann,TE,NYG
6947,K'Von Wallace,DB,PHI
6900,Jonathan Greenard,DE,HOU
3176,Reggie Ragland,LB,NYG
7011,Carter Coughlin,LB,NYG
5248,Gus Edwards,RB,BAL
2112,Charles Leno,T,WAS
1988,Brandon Linder,OL,JAX
1329,Chris Hogan,WR,NO
7066,K.J. Osborn,WR,MIN
7816,Jason Pinnock,CB,NYJ
7539,Gerrid Doaks,RB,MIA
6988,Raymond Calais,RB,LAR
6215,Wes Martin,G,NYG
4886,Collin Bevins,DE,CLE
6259,Darnell Holland,RB,NO
6519,Darrius Shepherd,WR,KC
6126,Irv Smith,TE,MIN
4213,Nathan Gerry,LB,SF
7708,Marco Wilson,CB,ARI
5847,Dexter Lawrence,DT,NYG
6970,Stephen Sullivan,TE,CAR
6730,Jordan Ta'amu,QB,DET
5929,Anthony Johnson,WR,PIT
6398,Ahmad Gooden,LB,BUF
4018,Joe Mixon,RB,CIN
4069,Takkarist McKinley,DE,CLE
525,Morgan Cox,LS,TEN
7710,Janarius Robinson,DE,MIN
7092,Chris Finke,WR,KC
5736,Dallin Leavitt,DB,LV
5955,Hunter Renfrow,WR,LV
7942,Tyler Coyle,DB,DAL
6885,Ke'Shawn Vaughn,RB,TB
4970,Quenton Nelson,OL,IND
5191,Taylor Stallworth,DT,IND
4152,Marlon Mack,RB,IND
7589,Ian Book,QB,NO
7607,Michael Carter,RB,NYJ
7128,John Penisini,NT,DET
7267,Willington Previlon,DT,TB
5757,Josh Woods,LB,DET
4335,Phillip Walker,QB,CAR
5130,Auden Tate,WR,CIN
4251,Tanzel Smart,DT,NYJ
6187,Aca'Cedric Ware,RB,TB
6793,Tristan Wirfs,T,TB
5189,Eddy Pineiro,K,WAS
5001,Dalton Schultz,TE,DAL
5526,Darious Williams,CB,LAR
7448,Nick Leverett,G,TB
4091,Marcus Williams,DB,NO
5006,J'Mon Moore,WR,ATL
7216,Giovanni Ricci,FB,CAR
1214,Blair Walsh,K,NO
3590,Adam Redmond,C,BAL
7651,Jeremiah Owusu-Koramoah,LB,CLE
1426,DeAndre Hopkins,WR,ARI
PHI,PHI,DEF,PHI
821,Josh Bynes,LB,BAL
4054,Mo Alie-Cox,TE,IND
3473,Justin Zimmer,DT,BUF
7878,Milo Eifler,LB,MIA
1220,Senio Kelemete,OL,LAC
6020,Te'von Coney,LB,LV
4750,Lance Lenoir,WR,BUF
5260,Vyncint Smith,WR,NYJ
3589,Chris Milton,DB,NYG
6324,Malik Gant,DB,NE
1175,Casey Hayward,CB,LV
2369,Jordan Richards,DB,BAL
2062,Anthony Hitchens,LB,KC
7375,Keith Washington,DB,NO
6694,D'Ernest Johnson,RB,CLE
7287,Josh Hammond,WR,JAX
4258,Conor McDermott,OL,NYJ
7088,Xavier Jones,RB,LAR
5773,Khadarel Hodge,WR,DET
5946,Jamel Dean,CB,TB
667,Steve McLendon,DT,TB
5951,Isaiah Johnson,CB,DAL
7764,William Bradley-King,DE,WAS
4351,Tim Patrick,WR,DEN
4136,Rasul Douglas,CB,GB
6373,A.J. Richardson,WR,ARI
4274,David Moore,WR,DEN
7403,Luke Juriga,C,PHI
7650,Dillon Radunz,OL,TEN
7293,Luq Barcoo,CB,ARI
7439,Tommy Hudson,TE,TEN
6832,Kalija Lipscomb,WR,TEN
2317,Danny Shelton,DT,NYG
3439,Jake Brendel,OL,SF
1994,Chris Smith,LB,BAL
7896,Donovan Stiner,DB,PIT
3445,Marcus Johnson,WR,TEN
6467,Jonathan Harris,DT,DEN
6524,Jamire Jordan,WR,KC
6146,Kaden Smith,TE,NYG
4925,Jordan Wade,G,OAK
8039,Jibri Blount,TE,MIA
5372,D.J. Reed,CB,SEA
5126,Austin Proehl,WR,LAC
5202,Jaryd Jones-Smith,T,BAL
5082,Simeon Thomas,CB,WAS
7769,Wyatt Hubert,DE,CIN
5619,Dalyn Dawkins,RB,DET
3415,Jonathan Jones,DB,NE
3282,Willie Beavers,OL,ATL
1203,Janoris Jenkins,CB,TEN
JAX,JAX,DEF,JAX
7958,Greg Eiland,OT,SEA
5879,Jaylon Ferguson,LB,BAL
8010,Kenny Randall,DT,JAX
1689,Adam Thielen,WR,MIN
5238,Austin Ramesh,FB,ARI
1368,Oday Aboushi,G,LAC
647,Richie Incognito,G,LV
1233,Bobby Wagner,LB,SEA
2113,Pat O'Donnell,P,CHI
6659,Craig Reynolds,RB,DET
3276,De'Vondre Campbell,LB,GB
7141,Sterling Hofrichter,P,ATL
2493,Darius Philon,DT,LV
6786,CeeDee Lamb,WR,DAL
7848,Scooter Harrington,TE,CHI
7132,Jake Hanson,C,GB
5942,Austin Bryant,LB,DET
5571,Jeromy Irwin,OT,NO
7122,Broderick Washington,DT,BAL
3258,Nick Vannett,TE,NO
4223,Rudy Ford,DB,JAX
6895,Quintez Cephus,WR,DET
3267,Parker Ehinger,G,DET
6826,Cole Kmet,TE,CHI
5063,Justin Jones,DT,LAC
5927,Terry McLaurin,WR,WAS
7297,Yasir Durant,G,NE
1374,Brian Winters,OL,ARI
694,Reggie Walker,LB,ARI
4347,Daniel Henry,FS,BAL
7918,Asim Rose,RB,MIN
7496,Nick Westbrook-Ikhine,WR,TEN
7610,Trey Lance,QB,SF
5481,Sean Welsh,G,WAS
6601,Isaiah Mack,DT,PIT
6075,Jesper Horsted,TE,CHI
1192,Lavonte David,LB,TB
2351,Jaquiski Tartt,DB,SF
5449,Chris Cooper,DB,TB
5486,Bryce Johnson,OT,DAL
4395,Torry McTyer,CB,WAS
5576,Ben Niemann,LB,KC
1031,Dennis Kelly,T,GB
5867,Dalton Risner,G,DEN
1227,Joe Looney,OG,NYG
5916,Darrell Henderson,RB,LAR
2214,Cameron Brate,TE,TB
1840,Jon Halapio,G,SF
1580,Earl Watford,OL,TB
1895,AJ McCarron,QB,ATL
3678,Wil Lutz,K,NO
5432,Cam Sims,WR,WAS
5025,Ronnie Harrison,DB,CLE
7741,Caleb Huntley,RB,ATL
5119,Jason Sanders,K,MIA
3281,David Onyemata,DT,NO
3786,George Fant,OT,NYJ
GB,GB,DEF,GB
4836,Ryan Langford,,ARI
6853,Van Jefferson,WR,LAR
7071,J.J. Molson,K,GB
5476,KC McDermott,OL,JAX
6112,Martez Ivey,OT,CAR
6118,Quinnen Williams,DT,NYJ
5580,Frankie Luvu,LB,CAR
5986,Christian Miller,LB,CAR
5882,Taylor Rapp,DB,LAR
8015,Carson Green,OL,HOU
3240,Darian Thompson,DB,DAL
5871,Zach Allen,DE,ARI
5174,Tegray Scales,LB,CLE
6329,John Battle,DB,PIT
6314,Cameron Lewis,CB,BUF
7427,Tyler Mabry,TE,SEA
6936,Joseph Charlton,P,CAR
5079,Darius Phillips,CB,CIN
5137,Richie James,WR,SF
3370,Joey Hunt,C,IND
1825,Jarvis Landry,WR,CLE
8017,Evan Heim,OG,DET
5309,Rod Taylor,G,CIN
5900,Shareef Miller,LB,ATL
7245,Nate Wieting,TE,NYG
3362,Jeff Driskel,QB,HOU
5863,J.J. Arcega-Whiteside,WR,PHI
5647,Grant Haley,DB,LAR
5305,Trevon Young,LB,CLE
6033,Isaiah Buggs,DE,PIT
7051,Grayland Arnold,DB,HOU
1492,Johnathan Hankins,DT,LV
7425,Patrick Carr,RB,SEA
7860,Osirus Mitchell,WR,DAL
4696,Trey Edmunds,RB,PIT
7940,Ryan Langan,LS,LAC
5313,William Richardson,OL,JAX
4093,Marcus Maye,DB,NYJ
4271,Isaac Rochell,DE,IND
7078,Tony Brown,WR,WAS
3382,Stephen Weatherly,LB,DEN
7835,Michael Carter,CB,NYJ
7901,Rico Bussey,WR,PIT
5884,Kelvin Harmon,WR,WAS
7705,D'Ante Smith,G,CIN
7569,Nico Collins,WR,HOU
2457,Tyeler Davison,DT,ATL
7904,Stevie Scott,RB,DEN
4479,Thomas Sperbeck,WR,TB
6796,Mekhi Becton,OT,NYJ
2357,Jordan Phillips,DE,ARI
4132,Montravius Adams,DT,NO
7204,Reggie Gilliam,FB,BUF
NYG,NYG,DEF,NYG
4172,Ben Gedeon,LB,MIN
7873,Jordan Meredith,OL,LAR
1038,Chandler Jones,LB,ARI
7578,Myron Mitchell,WR,MIN
5087,J.K. Scott,P,GB
6981,Tipa Galeai,LB,GB
3467,Taylor Bertolet,K,MIN
3309,Wendell Smallwood,RB,JAX
6534,Ray Smith,DT,MIA
1392,Margus Hunt,DE,CHI
8069,Adam Coon,G,TEN
6196,Christian Wade,RB,BUF
4166,Carlos Watkins,DE,DAL
5149,Emmanuel Smith,LB,KC
6258,Nik Needham,CB,MIA
4989,Austin Corbett,OL,LAR
5883,Lonnie Johnson,DB,HOU
7004,Rashard Lawrence,DT,ARI
7691,Spencer Brown,OT,BUF
1386,Giovani Bernard,RB,TB
1517,Theo Riddick,RB,LV
4532,Sojourn Shelton,CB,CHI
3895,Marvin Hall,WR,NE
7905,Dylan Soehner,TE,NO
4796,Duplicate Player,,BUF
6806,J.K. Dobbins,RB,BAL
7804,Marlon Tuipulotu,DT,PHI
5995,Justice Hill,RB,BAL
3669,Brian Poole,CB,NE
6864,Khalid Kareem,DE,CIN
7703,Jacob Harris,TE,LAR
7268,Krys Barnes,LB,GB
1298,Anthony Levine,DB,BAL
7503,Connor Davis,TE,CLE
5241,Christian Blake,WR,ATL
1496,Justin Pugh,OL,ARI
5142,Kurt Benkert,QB,GB
7579,Austin Watkins,WR,SF
4597,Leo Koloamatangi,OL,NYJ
6838,Marlon Davidson,DE,ATL
7009,Trishton Jackson,WR,MIN
8056,Jake Verity,K,BAL
6824,Donovan Peoples-Jones,WR,CLE
330,Dustin Colquitt,P,ATL
7779,JaCoby Stevens,LB,PHI
IND,IND,DEF,IND
842,Marcus Gilbert,OT,ARI
3403,Austin Blythe,OL,KC
6944,Tremayne Anchrum,OL,LAR
7738,Eli Howard,DE,ATL
4088,Quincy Wilson,CB,NYG
2511,Christian Ringo,DT,NO
7398,Reggie Walker,LB,ARI
4919,Josh Latham,LS,NYJ
6998,Gage Cervenka,OL,CHI
3934,Troymaine Pope,RB,TB
5841,Ed Oliver,DT,BUF
6315,Tyrel Dodson,LB,BUF
5843,Devin Bush,LB,PIT
7435,Cameron Scarlett,RB,SEA
7210,Kendall Hinton,WR,DEN
5675,Ed Shockley,LB,DAL
5846,DK Metcalf,WR,SEA
5754,Jaeden Graham,TE,ATL
6055,Natrez Patrick,LB,DEN
2422,Blake Bell,TE,KC
4058,Solomon Thomas,DT,LV
6836,A.J. Terrell,CB,ATL
125,Calais Campbell,DE,BAL
7443,Teair Tart,DT,TEN
2391,David Johnson,RB,HOU
7796,Brandin Echols,CB,NYJ
4406,Wes Lunt,QB,MIN
7754,Marquiss Spencer,DE,DEN
6023,Iman Marshall,CB,BAL
6567,Keaton Sutherland,G,CIN
6560,Koda Martin,OL,ARI
3293,Rashard Robinson,CB,TB
5018,Will Hernandez,G,NYG
6088,Olabisi Johnson,WR,MIN
3262,Justin Simmons,DB,DEN
4268,Elijah Qualls,DT,NYG
1545,Desmond Trufant,CB,LV
3326,Cole Toner,OL,HOU
5498,Joseph Putu,DB,ATL
5316,Will Clapp,C,NO
6132,Oshane Ximines,LB,NYG
7462,Stephen Guidry,WR,DAL
6890,Kamal Martin,LB,CAR
6908,La'Mical Perine,RB,NYJ
6686,Joe Horn,WR,BAL
6551,Darius Harris,LB,KC
7732,Justin Hilliard,LB,NYG
6862,Saahdiq Charles,T,WAS
4910,Quincy McDuffie,WR,DAL
3243,KeiVarae Russell,DB,NO
4453,Victor Bolden,WR,DET
6332,Dylan Mabin,CB,MIN
8100,Blake Gallagher,LB,BAL
5690,Al-Rasheed Benton,ILB,DET
6045,Gary Jennings,WR,IND
6684,LaDarius Wiley,DB,CAR
5116,Nick Bawden,FB,NYJ
5524,Duplicate Player,,ARI
3546,Mike Hilton,CB,CIN
7899,Isaiah McKoy,WR,PIT
3969,Leonard Fournette,RB,TB
5842,Clelin Ferrell,DE,LV
6753,Derrick Gore,RB,KC
2437,Max Garcia,OL,ARI
4932,Nick James,DT,DET
2822,Adam Humphries,WR,WAS
3230,Vonn Bell,DB,CIN
8000,Zayne Anderson,DB,KC
1832,Billy Turner,OL,GB
7935,Eli Stove,WR,LAC
2105,Brandon Dunn,NT,HOU
NYJ,NYJ,DEF,NYJ
2305,Charley Hughlett,LS,CLE
5459,Mason McKenrick,LB,BAL
2326,Cedric Ogbuehi,T,BAL
1668,Carson Tinker,LS,TB
7339,J.J. Koski,WR,LAR
8066,Max Duffy,P,DEN
7676,Malcolm Koonce,DE,LV
7392,Javelin Guidry,CB,NYJ
6291,Donovan Wilson,DB,DAL
4150,Wayne Gallman,RB,ATL
4168,Grover Stewart,DT,IND
147,DeSean Jackson,WR,LAR
6317,Jacob Dolegala,QB,MIA
2036,Khalil Mack,LB,CHI
5840,Josh Allen,DE,JAX
6917,Antoine Brooks,DB,LAR
3186,Kenny Clark,DE,GB
4181,Tedric Thompson,DB,TEN
7380,Tyler Haycraft,T,NYG
1343,Jordan Poyer,DB,BUF
CIN,CIN,DEF,CIN
7717,Zech McPhearson,CB,PHI
2335,Damarious Randall,CB,SEA
5110,Russell Gage,WR,ATL
6846,Hunter Bryant,TE,DET
5232,Tevin Lawson,DL,LAC
3198,Derrick Henry,RB,TEN
3320,Halapoulivaati Vaitai,G,DET
787,Jason Kelce,C,PHI
4390,Matt Haack,P,BUF
2342,Devin Smith,WR,CAR
3502,Romeo Okwara,LB,DET
6395,Trinity Benson,WR,DET
6724,C.J. Moore,DB,DET
5484,Filipo Mokofisi,DT,GB
3288,Evan Boehm,C,DET
518,Devin McCourty,DB,NE
4958,Brett Maher,K,NO
7247,George Obinna,LB,ATL
6151,Miles Sanders,RB,PHI
7237,Scotty Washington,WR,CIN
5961,Jalin Moore,RB,NYJ
5185,Allen Lazard,WR,GB
3211,Paul Perkins,RB,IND
5292,Devin Ross,WR,NE
4942,Marcell Ateman,WR,LV
3271,Tyler Higbee,TE,LAR
7370,JoJo Ward,WR,CLE
5337,Devante Downs,LB,NYG
7778,Camaron Cheeseman,LS,WAS
2334,Phillip Dorsett,WR,SEA
3526,Roy Robertson-Harris,DE,JAX
5056,Jerome Baker,LB,MIA
4034,Christian McCaffrey,RB,CAR
5351,Da'Shawn Hand,DT,DET
3614,Tommylee Lewis,WR,NO
2228,E.J. Gaines,CB,BUF
7191,Jaylon Moore,WR,BAL
1555,Kenny Stills,WR,NO
5088,Duke Ejiofor,LB,HOU
5348,Kyzir White,LB,LAC
5545,Raven Greene,DB,TB
7640,Micah Parsons,LB,DAL
7985,Pro Wells,TE,CIN
5169,Malik Earl,WR,DAL
4071,Marlon Humphrey,CB,BAL
1028,Vinny Curry,DE,NYJ
3474,Briean Boddy-Calhoun,CB,TEN
6420,Jon'Vea Johnson,WR,CHI
3197,Emmanuel Ogbah,DE,MIA
3356,Kyle Murphy,OT,NO
2163,Shamar Stephen,DT,DEN
856,J.J. Watt,DE,ARI
6801,Tee Higgins,WR,CIN
5124,Alex McGough,QB,SEA
7648,Nick Bolton,LB,KC
7637,Zaven Collins,LB,ARI
7791,Jonathan Marshall,DT,NYJ
1120,Julian Stanford,LB,CAR
2122,Nevin Lawson,CB,JAX
7002,Juwan Johnson,TE,NO
4413,Eric Wilson,LB,PHI
7093,Adrian Killins,RB,DEN
7907,Bryce Thompson,CB,NO
5445,George Odum,DB,IND
4190,Jermaine Eluemunor,OL,LV
7793,Racey McMath,WR,TEN
5924,Emanuel Hall,WR,WAS
MIA,MIA,DEF,MIA
7331,John Brannon,CB,CAR
7722,Bobby Brown,DT,LAR
7366,Myles Dorn,DB,MIN
5196,Ethan Wolf,TE,NO
4039,Cooper Kupp,WR,LAR
6633,Matt Nelson,T,DET
5893,C.J. Gardner-Johnson,DB,NO
4061,Davis Webb,QB,BUF
6811,Kenneth Murray,LB,LAC
7993,Trey Ragas,RB,LV
2473,Tye Smith,CB,MIN
7850,Justus Reed,DE,WAS
8024,Andre Mintze,LB,DEN
2314,Ereck Flowers,T,WAS
4642,Jarron Jones,OL,PIT
1074,Kevin Zeitler,OG,BAL
3383,Riley Dixon,P,NYG
4171,Josh Reynolds,WR,TEN
3808,Rolan Milligan,DB,IND
7957,Jon Rhattigan,LB,SEA
3221,Nick Martin,C,LV
2126,Caraun Reid,DT,TEN
3433,Alex Erickson,WR,CAR
1745,Patrick Scales,LS,CHI
2042,Jeremiah Attaochu,LB,CHI
4489,Gehrig Dieter,WR,KC
6931,DeeJay Dallas,RB,SEA
131,Duane Brown,T,SEA
6690,Duplicate Player,CB,PHI
515,Rob Gronkowski,TE,TB
7674,Patrick Jones,DE,MIN
5531,Christian DiLauro,T,TEN
6800,K'Lavon Chaisson,LB,JAX
4594,Alex Barrett,DE,SF
3238,Yannick Ngakoue,DE,LV
5492,Donovan Olumba,CB,LAR
5327,Reginald McKenzie,DT,BAL
7671,Benjamin St-Juste,DB,WAS
5672,Ryan McKinley,CB,TEN
3284,Deon Bush,DB,CHI
248,Luke McCown,QB,WAS
616,Jimmy Graham,TE,CHI
4026,DeShone Kizer,QB,TEN
6815,Zack Baun,LB,NO
7338,Cohl Cabral,C,MIN
7022,Shane Lemieux,OL,NYG
7842,Luke Farrell,TE,JAX
3185,Taylor Decker,T,DET
6870,Bryan Edwards,WR,LV
5307,Justin Lawler,LB,LAR
6048,Daylon Mack,DT,TEN
4217,George Kittle,TE,SF
7312,Madre Harper,CB,CAR
6400,Ryan Bee,DE,ARI
1603,Luke Willson,TE,SEA
5122,Boston Scott,RB,PHI
1788,Beau Allen,NT,NE
7964,Leighton McCarthy,LB,TB
5673,Davin Bellamy,LB,LAC
1949,Matt Feiler,G,LAC
1122,Aaron Brewer,LS,ARI
4965,Marcus Davenport,DE,NO
2251,Logan Thomas,TE,WAS
7831,Brenden Jaimes,OL,LAC
4209,Danny Isidora,OL,ARI
3184,William Jackson,CB,WAS
8067,Jovan Swann,DE,BAL
6816,Cesar Ruiz,OL,NO
6465,Thomas Ives,WR,CHI
7042,Tyler Bass,K,BUF
7184,Bryson Young,LB,ARI
5969,Chuma Edoga,OT,NYJ
4187,Brian Hill,RB,TEN
6529,Chris Myarick,TE,NYG
4963,Minkah Fitzpatrick,DB,PIT
2679,Dean Marlowe,DB,DET
CAR,CAR,DEF,CAR
6687,Jake Gervase,DB,LAR
1180,Frank Alexander,DE,CAR
7932,Darius Harper,OL,LAC
1913,K'Waun Williams,CB,SF
6391,Tyrell Thompson,DT,LAR
7369,Bill Murray,DT,NE
1035,Nate Ebner,DB,NYG
3374,Kevon Seymour,CB,BAL
6171,Cody Thompson,WR,SEA
7972,Tony Poljan,TE,BAL
6951,Eno Benjamin,RB,ARI
7089,Michael Divinity,LB,SEA
6030,Jordan Brown,DB,LV
3048,Chris Manhertz,TE,JAX
5858,Andre Dillard,T,PHI
5188,Quenton Meeks,CB,TEN
2320,Melvin Gordon,RB,DEN
6950,Braden Mann,P,NYJ
6384,Justin Sumpter,WR,LAR
3634,Kalif Raymond,WR,DET
6167,Jordan Scarlett,RB,MIA
5047,Brian O'Neill,T,MIN
3254,Nick Vigil,LB,MIN
7968,Xavier Kelly,DT,BAL
6300,Cortez Broughton,DT,KC
2751,Daniel Brown,TE,NYJ
8058,Nate McCrary,RB,BAL
4654,Cameron Johnston,P,HOU
7376,Case Cookus,QB,LV
5046,Royce Freeman,RB,CAR
7388,Jared Hilbers,T,JAX
5949,Paul Adams,OT,TEN
1547,A.J. Klein,LB,BUF
2859,Justin Hamilton,DT,DAL
5705,John Franklin,WR,TB
7744,Antonio Nunn,WR,ATL
3155,Laquon Treadwell,WR,JAX
4070,T.J. Watt,LB,PIT
4259,Al-Quadin Muhammad,DE,IND
1144,Cole Beasley,WR,BUF
7564,Ja'Marr Chase,WR,CIN
3225,Tyler Boyd,WR,CIN
7288,Ben Ellefson,TE,MIN
7563,Javian Hawkins,RB,LAR
4994,Kalen Ballage,RB,PIT
1940,Avery Williamson,LB,TEN
7552,Blake Proehl,WR,MIN
7246,Drake Dorbeck,T,CLE
7377,Kyle Murphy,OL,NYG
3523,Anthony Fabiano,C,CLE
4415,Adam Butler,DT,MIA
4111,D'Onta Foreman,RB,ATL
4146,Dede Westbrook,WR,MIN
2096,Spencer Long,C,SF
6127,Joejuan Williams,CB,NE
1567,Tavon Austin,WR,JAX
7810,Adetokunbo Ogundeji,LB,ATL
4940,Desean Smith,TE,CAR
5944,Bobby Okereke,LB,IND
202,Andrew Whitworth,OL,LAR
7054,Tommy Kraemer,G,DET
7925,Jerome Johnson,DT,MIA
6565,Cody Conway,OL,DEN
8082,Jared Hocker,G,JAX
7631,Christian Darrisaw,T,MIN
6814,Laviska Shenault,WR,JAX
7819,Deommodore Lenoir,DB,SF
1128,Derek Wolfe,DE,BAL
7342,Michael Hoecht,DT,LAR
6812,Yetur Gross-Matos,DE,CAR
6993,Dominick Wood-Anderson,TE,SEA
3247,Joe Thuney,OL,KC
7357,Dan Chisena,WR,MIN
5334,Josey Jewell,LB,DEN
6913,Joe Reed,WR,LAC
6421,Jalen Guyton,WR,LAC
7295,Ross Matiscik,LS,JAX
7727,Cameron Sample,DE,CIN
6000,Ryan Bates,OL,BUF
8046,Brendon White,LB,NYJ
5086,Marquez Valdes-Scantling,WR,GB
5315,Leon Jacobs,LB,JAX
4349,Taquan Mizzell,RB,NYG
1222,Bobby Massie,T,DEN
836,Jabaal Sheard,DE,MIA
1540,Robert Alford,CB,ARI
7645,Josh Myers,OL,GB
6909,Lynn Bowden,WR,MIA
5932,Beau Benzschawel,G,WAS
7928,Brett Heggie,C,NYG
6937,Khaleke Hudson,LB,WAS
2330,Shaq Thompson,LB,CAR
1672,Nickell Robey-Coleman,CB,DET
5022,Dallas Goedert,TE,PHI
2023,De'Anthony Thomas,WR,BAL
6451,Stephen Carlson,TE,CLE
6452,Jamie Gillan,P,CLE
6893,Robert Windsor,DT,IND
7881,Jon Dietzen,OL,GB
5044,Isaiah Oliver,CB,ATL
7202,Dom Maggio,P,ATL
4951,D.J. Chark,WR,JAX
7421,Jonas Griffith,LB,DEN
8092,Corey Taylor,RB,CLE
5301,Anthony Averett,CB,BAL
4543,Marcus Sayles,CB,MIN
2381,Chris Conley,WR,HOU
6149,Darius Slayton,WR,NYG
2287,Adrian Phillips,DB,NE
5067,Arden Key,DE,SF
5925,Terry Beckner,DT,CHI
7625,Joe Tryon-Shoyinka,LB,TB
1266,Greg Zuerlein,K,DAL
7745,Marcus Murphy,DB,ATL
4592,Elijah Wilkinson,OL,CHI
5815,Chris Jones,CB,TEN
6884,Logan Stenberg,G,DET
8085,Mekhi Sargent,RB,TEN
5024,James Washington,WR,PIT
4572,Joseph Jones,LB,TEN
2525,Bobby Hart,T,TEN
7660,Liam Eichenberg,T,MIA
4400,Maurice Smith,DB,TEN
1288,Lawrence Guy,DT,NE
4426,Harvey Langi,LB,NE
4605,Evan Baylis,TE,KC
7805,Joshuah Bledsoe,DB,NE
7086,John Hightower,WR,PHI
5454,Coleman Shelton,OL,LAR
5816,Nick Bosa,DE,SF
5103,Dylan Cantrell,TE,WAS
4319,Zach Pascal,WR,IND
5860,Johnathan Abram,DB,LV
594,Ndamukong Suh,DT,TB
6008,Yosuah Nijman,T,GB
6010,Chidi Okeke,OT,TB
1718,Derek Carrier,TE,LV
6994,Lamar Jackson,CB,NYJ
5912,Carl Granderson,DE,NO
7829,Tommy Doyle,OT,BUF
6768,Tua Tagovailoa,QB,MIA
5660,Frank Herron,DE,CAR
6283,Corey Ballentine,CB,DET
7188,Tyler Hall,DB,LAR
4503,Arthur Maulet,CB,PIT
5168,Jordan Chunn,RB,NYG
5054,Carlton Davis,CB,TB
4983,DJ Moore,WR,CAR
6386,Alex Bachman,WR,NYG
6076,Justin Hollins,LB,LAR
4084,Tyus Bowser,LB,BAL
4074,Malik Hooker,DB,DAL
5197,Rico Gafford,WR,DEN
3188,Sheldon Rankins,DT,NYJ
8020,Curtis Robinson,LB,DEN
2396,Chaz Green,T,PIT
6699,Gunner Olszewski,WR,NE
7039,Cody White,WR,PIT
7428,Tommy Champion,T,SEA
7309,Siaosi Mariner,WR,BAL
8041,Shane Zylstra,TE,DET
2055,Jason Verrett,CB,SF
3417,Terrance Smith,LB,ARI
5133,Tyler Conklin,TE,MIN
2337,Malcom Brown,DT,JAX
6791,C.J. Henderson,CB,CAR
7040,Evan Weaver,LB,ARI
4936,Skyler Howard,QB,SEA
2310,Brandon Scherff,G,WAS
6782,Chase Young,DE,WAS
3764,Andrew Adams,DB,TB
6679,Tuzar Skipper,LB,ATL
4984,Josh Allen,QB,BUF
7048,Benny LeMay,RB,IND
7948,JaQuan Bailey,DE,PHI
3017,Jesse Davis,OL,MIA
7813,Shemar Jean-Charles,CB,GB
4854,River Cracraft,WR,SF
5035,Derrick Nnadi,DT,KC
6472,Justin Phillips,LB,WAS
5737,Drew Scott,LS,KC
3277,Hassan Ridgeway,DT,PHI
6867,Malik Harrison,LB,BAL
5333,Jalyn Holmes,DE,NO
3715,Cole Wick,TE,NO
1112,Matt Overton,LS,LAC
2353,Denzel Perryman,LB,LV
3406,Joe Walker,LB,ARI
6831,Raekwon Davis,DT,MIA
4113,Dawuane Smoot,DE,JAX
6211,Sione Takitaki,LB,CLE
8035,Zach Von Rosenberg,P,MIN
7046,J.R. Reed,DB,NYG
7782,Isaiah McDuffie,LB,GB
8013,Tim Jones,WR,JAX
4683,Aaron Bailey,QB,BAL
5060,Braden Smith,OL,IND
7005,Scottie Phillips,RB,HOU
2894,Josh Watson,LB,LAC
4640,Jadar Johnson,FS,NYG
4490,Wyatt Houston,TE,CAR
4501,Devaroe Lawrence,DT,WAS
6220,Cole Holcomb,LB,WAS
2471,Michael Burton,FB,KC
7825,Shawn Davis,DB,GB
4118,Alex Anzalone,LB,DET
2083,Bennett Jackson,DB,NYJ
2749,Raheem Mostert,RB,SF
1110,T.Y. Hilton,WR,IND
7747,Joe Sculthorpe,OL,ATL
3360,Jordan Lucas,DB,IND
538,Emmanuel Sanders,WR,BUF
6028,Derwin Gray,T,TEN
7419,James Pierre,CB,PIT
1310,Tom Compton,OL,SF
8003,DiCaprio Bootle,DB,KC
6830,Jason Strowbridge,DE,MIA
7065,Eli Wolf,TE,IND
7986,Antonio Phillips,CB,HOU
5695,Brandon Powell,WR,MIA
5023,Chukwuma Okorafor,OL,PIT
6213,Trey Pipkins,T,LAC
7325,Joe Gaziano,DE,LAC
6865,Colby Parkinson,TE,SEA
5683,David Steinmetz,T,WAS
1870,James Hurst,OL,NO
5077,Andrew Brown,DT,LAC
7862,T.J. Vasher,WR,DAL
1373,Geno Smith,QB,SEA
7472,Sam Tecklenburg,C,CAR
8075,Damon Lloyd,LB,LAC
6154,David Sills,WR,NYG
5691,Mike Ford,DB,DEN
7822,Richard LeCounte,DB,CLE
2591,La'el Collins,T,DAL
4915,Michael Coe,CB,DAL
5097,Wyatt Teller,G,CLE
7500,Michael Barnett,DT,DET
7265,Zack Johnson,OL,ARI
8047,Shaun Crawford,CB,LV
3292,Willie Henry,DT,NYG
6485,Azeez Al-Shaair,LB,SF
3259,Graham Glasgow,G,DEN
7411,Matt Leo,DE,PHI
808,Marcus Cannon,OL,HOU
6778,Chris Streveler,QB,ARI
3328,Rashard Higgins,WR,CLE
4176,David Sharpe,T,BAL
7756,Khyiris Tonga,DT,CHI
6223,Juwann Winfree,WR,GB
7576,Sage Surratt,WR,DET
5120,Danny Etling,QB,SEA
7454,Travis Jonsen,WR,TB
4170,Samson Ebukam,DE,SF
4848,Christian Kuntz,LS,PIT
7250,Jameson Houston,CB,JAX
550,Jerry Hughes,DE,BUF
NO,NO,DEF,NO
4967,Bradley Chubb,LB,DEN
529,Carlos Dunlap,DE,SEA
6142,Caleb Wilson,TE,WAS
5968,Mark Fields,CB,SF
7975,Tariq Thompson,DB,BUF
7346,Christian Rozeboom,LB,KC
4992,Dante Pettis,WR,NYG
972,Patrick Peterson,CB,MIN
3270,B.J. Goodson,LB,NYJ
2406,Trey Flowers,LB,DET
7979,Ryan Neuzil,OL,ATL
6617,Andre Lindsey,WR,KC
6930,Trystan Colon,C,BAL
5591,Robert McCray,DE,DET
7892,AJ Parker,CB,DET
6904,Jalen Hurts,QB,PHI
4617,Daniel Ross,DT,JAX
4245,Kyle Fuller,OL,SEA
5678,Ike Boettger,OG,BUF
5862,Brian Burns,DE,CAR
7652,Samuel Cosmi,OL,WAS
2892,Rod Smith,RB,CAR
7893,Dedrick Mills,RB,DET
6803,Brandon Aiyuk,WR,SF
4420,Cody Hollister,WR,TEN
6517,Randy Ramsey,LB,GB
6656,Connor Strachan,LB,HOU
7595,Tylan Wallace,WR,BAL
1032,Mychal Kendricks,LB,SF
3832,C.J. Ham,FB,MIN
6375,Jerome Washington,TE,ARI
3909,Sam Ficken,K,TEN
3172,DeForest Buckner,DT,IND
5869,Michael Jordan,G,CAR
535,T.J. Ward,FS,ARI
7854,Miller Forristall,TE,CLE
3355,Cody Core,WR,NYG
6956,Devin Asiasi,TE,NE
7349,Tyrique McGhee,DB,LAR
6892,Nate Stanley,QB,MIN
5244,Devin Gray,WR,BAL
SF,SF,DEF,SF
5483,Tyler Lancaster,DT,GB
7043,Blake Ferguson,LS,MIA
5177,Aaron Davis,SS,TB
6102,Iosua Opeta,G,PHI
7196,Marcus Willoughby,LB,NO
4231,Caleb Brantley,DE,WAS
6960,Tyler Johnson,WR,TB
6891,Markus Bailey,LB,CIN
7307,Tommy Townsend,P,KC
4934,Jalen Williams,WR,NYG
1204,Trumaine Johnson,CB,CAR
7091,Aaron Parker,WR,CAR
7171,Reggie Floyd,DB,TEN
6889,Colton McKivitz,OL,SF
2008,Bradley Roby,CB,NO
8091,J.T. Jones,DE,PIT
2365,Randy Gregory,DE,DAL
DAL,DAL,DEF,DAL
6110,Lester Cotton,G,LV
4450,Jordan Simmons,G,LV
4033,David Njoku,TE,CLE
4669,Andre Patton,WR,PHI
7430,Josh Avery,DT,GB
5141,James Crawford,LB,BAL
5465,Nick Keizer,TE,KC
2588,Malcolm Brown,RB,MIA
5234,Alex Officer,C,KC
7274,Tyler Simmons,WR,PIT
6268,Matthew Wright,K,JAX
2277,Kevin Pierre-Louis,LB,HOU
5886,Hakeem Butler,TE,PHI
2364,Ty Sambrailo,T,TEN
6456,Tyler Gauthier,OT,BUF
5999,D'Cota Dixon,FS,TB
4608,TJ Daniel,DE,HOU
5193,J.C. Jackson,DB,NE
7647,Pete Werner,LB,NO
1805,Alejandro Villanueva,OT,BAL
7743,Alani Pututau,LB,ATL
7909,Nolan Cooney,P,NO
7572,Kylin Hill,RB,GB
7479,Tre'Vour Wallace-Simms,OL,JAX
7875,Teton Saltes,OL,NYJ
5250,Robert Foster,WR,DAL
1864,Terrence Brooks,DB,HOU
4978,Rashaan Evans,LB,TEN
2331,Breshad Perriman,WR,CHI
7763,Mark Webb,DB,LAC
8059,Barrington Wade,LB,DEN
3314,Brandon Shell,T,SEA
6989,Marquez Callaway,WR,NO
7304,Rodney Clemons,DB,KC
1730,Kenny Wiggins,G,NYG
2394,Sean Mannion,QB,MIN
1101,Ben Jones,C,TEN
7133,Isaiah Rodgers,CB,IND
5979,Ryan Connelly,LB,MIN
5792,Jeremy Reaves,DB,WAS
8007,Anthony Butler,LB,IND
2418,Gabe Wright,DT,WAS
6233,Matt Sokol,TE,JAX
4195,Jake Elliott,K,PHI
5093,Sam Jones,G,NYG
5335,Colby Gossett,OL,ATL
7118,Danny Pinter,G,IND
7627,Gregory Rousseau,DE,BUF
7843,Dionte Ruffin,DB,CHI
3157,Will Fuller,WR,MIA
4098,Kareem Hunt,RB,CLE
1809,Ross Cockrell,CB,TB
2999,Rick Lovato,LS,PHI
3388,Jalen Mills,CB,NE
7525,DeVonta Smith,WR,PHI
917,Ryan Kerrigan,DE,PHI
3294,Dak Prescott,QB,DAL
4718,Dare Ogunbowale,RB,JAX
5877,Elgton Jenkins,G,GB
6455,Willie Wright,OL,ATL
5957,Isaac Nauta,TE,GB
6855,Ashtyn Davis,DB,NYJ
5823,Tristan Vizcaino,K,LAC
1559,Mike Glennon,QB,NYG
6971,Solomon Kindley,G,MIA
367,Jared Cook,TE,LAC
5078,Davontae Harris,CB,SF
720,Jason Pierre-Paul,LB,TB
3652,Mike Thomas,WR,CIN
3323,Marqui Christian,DB,CHI
3353,Dan Vitale,FB,NE
3191,Karl Joseph,DB,PIT
4670,Artavis Scott,WR,HOU
3237,Will Redmond,DB,GB
6140,Kendall Sheffield,DB,ATL
7438,Kristian Wilkerson,WR,NE
6310,Tae Hayes,CB,ARI
3416,Cre'von LeBlanc,DB,HOU
7154,Derrek Tuszka,LB,PIT
1442,Chris Banjo,DB,ARI
2985,Kendall Lamm,OT,TEN
6302,Kaden Elliss,LB,NO
7832,Daviyon Nixon,DT,CAR
7407,Isaiah Wright,WR,WAS
6402,Steven Sims,WR,PIT
770,Andrew Sendejo,DB,IND
7032,Tyrie Cleveland,WR,DEN
3894,Garrett Griffin,TE,NO
6013,Saquan Hampton,DB,NYJ
6805,K.J. Hamler,WR,DEN
6296,Quinton Bell,LB,ATL
5061,Uchenna Nwosu,LB,LAC
7798,Will Sherman,T,NE
7379,Rysen John,TE,NYG
6553,Austin Walter,RB,NYJ
5561,Brad Lundblade,C,SEA
5772,Aaron Lacombe,WR,LAR
5369,Dane Cruikshank,DB,TEN
7538,Zach Wilson,QB,NYJ
5945,Jonathan Ledbetter,DE,MIA
7235,Aleva Hifo,WR,ARI
6292,Nick Allegretti,G,KC
7841,Jamien Sherwood,LB,NYJ
3200,Sterling Shepard,WR,NYG
5071,DeShon Elliott,DB,BAL
6304,Michael Dogbe,DE,ARI
3312,Jonathan Williams,RB,WAS
5845,Dwayne Haskins,QB,PIT
207,Donald Penn,OT,LV
5099,Jermaine Carter,LB,CAR
6972,Davon Hamilton,DT,JAX
3228,Sean Davis,DB,NE
7636,Alex Leatherwood,T,LV
6090,Montre Hartage,DB,NYG
8094,Michael Jacobson,TE,IND
6133,Chase Winovich,DE,NE
862,Blaine Gabbert,QB,TB
7786,Rachad Wildgoose,CB,BUF
6396,Austin Fort,TE,TEN
7447,Cale Garrett,LB,NYG
7952,Elijah Sullivan,LB,KC
5537,Michael Carrizosa,P,CLE
4920,Dax Dellenbach,LS,TB
4986,Kolton Miller,T,LV
2325,Nelson Agholor,WR,NE
5153,Levi Wallace,CB,BUF
7766,Matt Farniok,G,DAL
3444,James Burgess,LB,SF
6939,Binjimen Victor,WR,BAL
5551,James Murray,OL,TEN
7333,Donte Vaughn,CB,LAC
8051,Josh Johnson,RB,SEA
6598,Trenton Irwin,WR,CIN
8093,KJ Sails,DB,LAC
7527,Mac Jones,QB,NE
7131,Tyler Davis,TE,GB
DEN,DEN,DEF,DEN
8034,Alfredo Gutierrez,OL,SF
3239,Bronson Kaufusi,TE,GB
6243,Chris Westry,CB,BAL
5824,Hayden Hunt,P,TB
5318,Ja'Whaun Bentley,LB,NE
412,Jason Peters,OL,CHI
7310,Mike Panasiuk,DT,CAR
7833,Isaiahh Loudermilk,DE,PIT
6056,Dre Greenlaw,LB,SF
5903,Will Grier,QB,DAL
1881,Brent Urban,DE,DAL
2376,Hroniss Grasu,OL,LV
6381,Alexander Hollins,WR,CLE
2450,Brett Hundley,QB,IND
2975,Jordan Berry,P,MIN
1425,Ryan Griffin,TE,NYJ
1068,Dre Kirkpatrick,CB,SF
6109,Alec Ingold,FB,LV
4059,Marshon Lattimore,CB,NO
6901,Josh Metellus,DB,MIN
5973,Josh Oliver,TE,BAL
3369,Elandon Roberts,LB,MIA
5935,Jalen Jelks,DE,WAS
7172,Mikey Daniel,RB,CAR
3215,Xavien Howard,CB,MIA
3637,Eddie Yarbrough,DE,SF
6522,T.J. Linta,QB,KC
5759,Nate Holley,DB,MIA
7298,Darryl Williams,OL,KC
7837,Caden Sterns,DB,DEN
3401,Tyler Matakevich,LB,BUF
3332,Andy Janovich,FB,CLE
1480,D.J. Fluker,T,LV
7221,Mike Horton,G,CAR
5096,Ray-Ray McCloud,WR,PIT
2429,Kwon Alexander,LB,NO
7926,Carl Tucker,FB,MIA
1037,Dont'a Hightower,LB,NE
1934,Justin McCray,OL,HOU
1642,Levine Toilolo,TE,NYG
5365,Troy Apke,DB,WAS
7830,Shaun Wade,CB,NE
7302,Omari Cobb,LB,NYG
6158,Olisaemeka Udoh,G,MIN
4381,Taysom Hill,QB,NO
4619,Dee Virgin,DB,SF
6647,C.J. Moore,FS,DET
7616,Kai Locksley,WR,MIA
4938,Speedy Noil,WR,SEA
7760,Shaka Toney,DE,WAS
6387,Nsimba Webster,WR,CHI
6014,Rashad Fenton,CB,KC
4753,Michael Dunn,OG,CLE
7134,Jordan Glasgow,LB,IND
7404,Noah Togiai,TE,PHI
2016,Zach Fulton,OL,NYG
5767,Adonis Alexander,DB,NO
7568,Brevin Jordan,TE,HOU
8031,Kiondre Thomas,CB,LAC
3558,Chris Jones,DT,KC
6881,Matt Hennessy,OL,ATL
6299,Stephen Denmark,CB,GB
7208,Josh Thomas,DB,BUF
7588,Javonte Williams,RB,DEN
5895,Chris Lindstrom,G,ATL
2360,Maxx Williams,TE,ARI
2151,Anthony Barr,LB,MIN
7811,Talanoa Hufanga,DB,SF
7612,D'Wayne Eskridge,WR,SEA
7586,Dazz Newsome,WR,CHI
6173,Mitch Wishnowsky,P,SF
7699,Quinn Meinerz,OL,DEN
7028,Alex Taylor,T,CLE
5373,Jullian Taylor,DT,TEN
6976,Zach Shackelford,C,TB
7167,Adam Shuler,DE,SF
3144,Erik Harris,DB,ATL
7668,Aaron Robinson,CB,NYG
1476,Latavius Murray,RB,BAL
7716,John Bates,TE,WAS
7305,Jalen Julius,CB,CAR
7615,Brian Khoury,LS,NE
8028,Romeo McKnight,DE,CLE
5011,Michael Dickson,P,SEA
4598,Storm Norton,T,LAC
4114,Tanoh Kpassagnon,DE,NO
3291,Blake Martinez,LB,NYG
2098,Morgan Moses,OL,NYJ
7593,Trey Sermon,RB,SF
2167,Ricardo Allen,DB,CIN
3594,Peyton Barber,RB,LV
4602,Robert Tonyan,TE,GB
4253,Vincent Taylor,DT,HOU
4677,Jordan Roos,G,TEN
6365,Carson Meier,TE,MIA
1213,Harrison Smith,DB,MIN
2992,Daniel Munyer,C,TEN
5913,Connor McGovern,G,DAL
7262,Jalen Morton,QB,IND
5964,Dennis Daley,G,CAR
6416,Andrew Wingard,DB,JAX
4220,Jayon Brown,LB,TEN
439,J.J. Jansen,LS,CAR
5613,Bruce Hector,DE,DET
1136,Jack Crawford,DT,ARI
3204,C.J. Prosise,RB,TB
6536,Kevin Strong,DE,DET
6856,Troy Pride,CB,CAR
4331,Rigoberto Sanchez,P,IND
2197,Brandin Cooks,WR,HOU
6185,Easton Stick,QB,LAC
7529,Gary Brightwell,RB,NYG
5379,Tre Flowers,CB,CIN
4100,Tim Williams,LB,SEA
4427,Kenny Moore,CB,IND
3161,Carson Wentz,QB,IND
2398,Henry Anderson,DE,NE
3893,Reece Horn,WR,CIN
4588,Kyle Sloter,QB,LV
3357,Brandon Allen,QB,CIN
3050,Myles White,WR,NYJ
2755,Eric Tomlinson,TE,BAL
3299,Ronald Blair,DE,NYJ
6882,Darnay Holmes,CB,NYG
7996,Dillon Stoner,WR,LV
1078,L.J. Fort,LB,BAL
7574,Larry Rountree,RB,LAC
4611,Justin Hardee,CB,NYJ
1971,Donte Moncrief,WR,HOU
3426,Ken Crawley,CB,NO
5147,Emmanuel Ellerbee,LB,ATL
1414,Nicholas Williams,DE,DET
6037,Brett Rypien,QB,DEN
5320,Kendall Donnerson,DE,CAR
7112,Tyre Phillips,G,BAL
4236,Joey Ivie,DT,BUF
4192,Corn Elder,CB,WAS
4979,Jaire Alexander,CB,GB
7137,Stantley Thomas-Oliver,CB,CAR
5084,Natrell Jamerson,DB,NYJ
7635,Jaelan Phillips,LB,MIA
5662,A.J. Moore,DB,HOU
3181,Keanu Neal,LB,DAL
5055,M.J. Stewart,DB,CLE
4293,Daniel Brunskill,OL,SF
1423,Blidi Wreh-Wilson,CB,TB
7144,Clay Johnston,LB,CAR
3643,Doug Middleton,DB,CAR
7238,Josh Knipfel,T,CIN
2346,Devin Funchess,WR,GB
7591,Justin Fields,QB,CHI
1334,Damion Square,DT,LV
8073,Tyrone Wheatley,OL,CHI
2123,Cornelius Lucas,T,WAS
5646,Tae Davis,LB,HOU
6802,A.J. Epenesa,DE,BUF
6222,Ka'dar Hollman,DB,NYG
1099,Randy Bullock,K,TEN
554,Tyson Alualu,DE,PIT
7933,Alex Kessman,K,LAC
7597,Kenny Yeboah,TE,NYJ
2747,Jason Myers,K,SEA
7273,Cordel Iwuagwu,OG,CLE
7752,Kawaan Baker,WR,NO
2419,Jamil Douglas,OL,BUF
8026,Landon Rice,TE,DEN
5948,Bobby Evans,OL,LAR
4186,T.J. Logan,RB,TB
5330,Dorance Armstrong,DE,DAL
7533,Anthony Schwartz,WR,CLE
5039,Connor Williams,G,DAL
7857,Anthony Hines,LB,WAS
7329,Cole Christiansen,LB,LAC
5875,Erik McCoy,OL,NO
7215,Corliss Waitman,P,LV
4352,Donald Payne,LB,SF
5209,Mike Boone,RB,DEN
2267,Jimmie Ward,DB,SF
596,Bryan Bulaga,T,LAC
7528,Najee Harris,RB,PIT
5928,David Long,LB,TEN
4866,Saquon Barkley,RB,NYG
2146,Richard Rodgers,TE,PHI
7621,J.T. Ibe,DB,CAR
6597,Wes Farnsworth,LS,NE
4311,Jermaine Grace,LB,NYG
7632,Caleb Farley,CB,TEN
5344,Cornell Armstrong,DB,HOU
4863,Josh Rosen,QB,ATL
5222,Jalen Davis,CB,CIN
7277,Jamir Jones,LB,LAR
6964,Sean McKeon,TE,DAL
4227,Harrison Butker,K,KC
7680,Ifeatu Melifonwu,CB,DET
5098,Siran Neal,CB,BUF
7677,Divine Deablo,LB,LV
4993,Mike Gesicki,TE,MIA
7159,Reid Sinnett,QB,PHI
3166,Myles Jack,LB,JAX
5822,A.J. Johnson,LB,DEN
6894,Mitchell Wilcox,TE,CIN
6611,Andrew Dowell,LB,NO
4064,Cam Robinson,OL,JAX
7113,Alex Highsmith,LB,PIT
7662,Richie Grant,DB,ATL
7729,Dez Fitzpatrick,WR,TEN
7784,Brady Breeze,DB,TEN
7884,Carlo Kemp,LB,GB
4921,Joe Fortunato,LS,GB
7535,Hunter Long,TE,MIA
1367,Logan Ryan,DB,NYG
4183,Nathan Peterman,QB,LV
4811,Austin Calitro,LB,CHI
6424,Matt Kaskey,OT,CAR
5437,Corey Griffin,S,SF
4579,Josh Banderas,OLB,DEN
3038,Chris Reed,G,IND
7444,Kobe Smith,DT,TB
7976,Olaijah Griffin,CB,BUF
6024,Fred Johnson,T,CIN
7707,Tre Brown,CB,SEA
5636,Abdullah Anderson,DE,TEN
5331,Chris Covington,LB,IND
5253,Jordan Franks,TE,CLE
8101,Mark Vital,TE,KC
7474,Keandre Jones,LB,CIN
8084,Mark Gilbert,CB,DET
1383,Brandon Williams,DT,BAL
7587,Dyami Brown,WR,WAS
312,Matt Slater,WR,NE
7694,Tommy Tremble,TE,CAR
4081,Budda Baker,DB,ARI
1034,Brandon Bolden,RB,NE
TB,TB,DEF,TB
6012,Travis Homer,RB,SEA
5341,Taron Johnson,CB,BUF
4121,Eddie Vanderdoes,DT,SF
5978,Emeke Egbule,LB,LAC
5623,Mike Love,DE,BUF
7571,Rashod Bateman,WR,BAL
4741,Dan Arnold,TE,JAX
6613,Lukayus McNeil,OT,SEA
6523,Jack Fox,P,DET
5275,Jeff Badet,WR,ATL
3864,Jake Lampman,WR,NO
6874,Kenny Willekes,DE,MIN
7534,Seth Williams,WR,DEN
7206,Brandon Walton,OT,TB
6032,Keelan Doss,WR,ATL
5461,Trent Sieg,LS,LV
7999,Marlon Character,DB,KC
5954,Jordan Brailford,DE,MIN
3265,Sheldon Day,DT,CLE
2474,Nick Boyle,TE,BAL
4137,James Conner,RB,ARI
5974,Trace McSorley,QB,BAL
2414,Clayton Geathers,DB,TEN
3824,Alex Ellis,TE,LV
7770,Patrick Johnson,LB,PHI
7994,TJ Morrison,CB,LV
1674,A.J. Bouye,CB,CAR
5921,Kris Boyd,CB,MIN
6044,Alex Bars,OL,CHI
6899,Terence Steele,T,DAL
1576,Tyrann Mathieu,DB,KC
1987,Marqise Lee,WR,SF
3633,Kyle Peko,DT,TEN
7649,Dayo Odeyingbo,DE,IND
4228,Jordan Evans,LB,CIN
7765,Jonathon Cooper,LB,DEN
4662,Dillon Deboer,C,LAC
1658,Jordan Devey,OL,BUF
6837,Terrell Lewis,LB,LAR
7114,Reggie Robinson,CB,DAL
4029,Dalvin Cook,RB,MIN
5179,Joe Ostman,DE,PHI
2216,Mike Evans,WR,TB
6847,Devin Duvernay,WR,BAL
7318,Gabe Nabers,FB,LAC
3352,Blake Countess,DB,PHI
6043,Amani Bledsoe,DE,TEN
7036,Terrell Burgess,DB,LAR
5898,Michael Deiter,OL,MIA
4094,Forrest Lamp,OL,NO
5892,David Montgomery,RB,CHI
1721,Andrew DePaola,LS,MIN
1482,Manti Te'o,LB,CHI
7949,Trevon Grimes,WR,PHI
7149,Tommy Stevens,TE,NYG
7713,Jaelon Darden,WR,TB
1076,Johnson Bademosi,CB,NO
5442,Trey Marshall,DB,LAC
1558,William Gholston,DE,TB
4876,Bradley Northnagel,LS,OAK
5861,L.J. Collier,DE,SEA
731,Ted Larsen,OG,NYG
5343,Quentin Poling,LB,NO
4564,Kai Nacua,DB,SF
1521,David Bakhtiari,OT,GB
4933,Anthony McMeans,G,LAR
6018,Zach Gentry,TE,PIT
5971,Ben Banogu,DE,IND
4065,Derek Barnett,DE,PHI
5784,Jonathan Celestin,LB,CAR
548,Jonathan Weeks,LS,HOU
7840,Ta'Quon Graham,DT,ATL
7847,Gunnar Vogel,OT,CIN
4224,Chuck Clark,DB,BAL
6457,Calvin Anderson,T,DEN
6794,Justin Jefferson,WR,MIN
2572,Justin Coleman,CB,MIA
6458,Tyree St. Louis,OT,LAC
7103,Tavien Feaster,RB,ARI
1124,Malik Jackson,DT,CLE
3376,Ted Karras,OL,NE
3888,Lucas Patrick,G,GB
6945,Antonio Gibson,RB,WAS
5388,Danny Johnson,CB,WAS
3333,Temarrick Hemingway,TE,WAS
812,Lee Smith,TE,ATL
7731,Jay Tufele,DT,JAX
5987,Alexander Mattison,RB,MIN
7872,Alaric Jackson,OL,LAR
8054,Daniel Archibong,DT,PIT
1244,Josh Gordon,WR,KC
4719,Chris Thompson,WR,SF
5470,Kendal Vickers,DE,LV
6335,Walter Palmore,DT,CAR
4678,Tyrone Swoopes,TE,WAS
6531,Jake Carlock,LB,ATL
5304,Brian Allen,OL,LAR
1562,Akeem Spence,DT,NE
7440,Aaron Brewer,OL,TEN
578,Sam Young,OT,LV
7686,Ambry Thomas,CB,SF
2073,Keith Smith,FB,ATL
7943,Zach Davidson,TE,MIN
5667,Elijah Nkansah,OL,NYJ
7869,David Moore,G,CLE
5128,Logan Woodside,QB,TEN
7734,Bruno Labelle,TE,ARI
5134,Keith Kirkwood,WR,CAR
6224,Drew Forbes,OG,CLE
5991,Maxx Crosby,DE,LV
6682,Kareem Orr,DB,LAR
7956,Cade Johnson,WR,SEA
5926,Dontavius Russell,NT,JAX
5029,Josh Jackson,CB,NYG
1764,Benson Mayowa,DE,SEA
7177,Evin Ksiezarczyk,OL,BUF
353,Kevin Huber,P,CIN
4096,Justin Evans,SS,TB
5508,Christopher Lammons,CB,KC
3391,Dwayne Washington,RB,NO
1186,Akiem Hicks,DT,CHI
5360,Marcus Allen,LB,PIT
7506,Duplicate Player,DB,DAL
2378,Tevin Coleman,RB,NYJ
7997,Devery Hamilton,T,NYG
7581,Kellen Mond,QB,MIN
4252,Isaiah Ford,WR,MIA
4313,Jake Eldrenkamp,OL,HOU
4226,Alex Armah,FB,NO
3496,Stephen Anderson,TE,LAC
4212,Marquel Lee,LB,LV
8062,Coy Cronk,T,JAX
7522,Hunter Thedford,TE,DET
7711,Tommy Togiai,DT,CLE
8099,DeMichael Harris,WR,IND
6887,Larrell Murchison,DT,TEN
5959,Mike Edwards,DB,TB
6057,Ulysees Gilbert,LB,PIT
3311,Joe Haeg,T,PIT
5053,Alex Cappa,G,TB
5534,Elijah Campbell,DB,MIA
7613,Jonathan Adams,WR,DET
7856,Cole Banwart,G,NYG
6218,E.J. Speed,LB,IND
6450,David Blough,QB,DET
1925,Stephon Tuitt,DE,PIT
8072,Willie Yarbary,DT,LAC
7966,Calvin Ashley,OT,TB
167,Tom Brady,QB,TB
1958,Xavier Su'a-Filo,G,CIN
6143,Marvell Tell,CB,IND
5199,Byron Pringle,WR,KC
1170,Alfred Morris,RB,NYG
7852,Tory Carter,FB,TEN
CHI,CHI,DEF,CHI
1857,Kerry Hyder,DE,SEA
6380,Davion Davis,WR,HOU
5298,Bradley Bozeman,OL,BAL
7240,Kendall Futrell,DE,HOU
KC,KC,DEF,KC
7807,Nick Niemann,LB,LAC
5474,Linden Stephens,DB,PIT
7781,Thomas Fletcher,LS,CAR
6932,Charlie Taumoepeau,TE,DET
2431,Mike Davis,RB,ATL
6011,Gardner Minshew,QB,PHI
6148,Preston Williams,WR,MIA
3681,Michael Pierce,DT,MIN
7483,Farrod Green,TE,IND
7870,Paddy Fisher,LB,LAC
2504,Darius Kilgo,DT,ARI
2403,Steven Nelson,CB,PHI
7919,Jordon Scott,DT,MIN
4926,Nick Schuessler,QB,PIT
4948,Orlando Brown,T,KC
6469,Davis Koppenhaver,TE,GB
5317,Keion Crossen,DB,NYG
7771,Jake Funk,RB,LAR
3175,Jack Conklin,OT,CLE
7436,Mason Kinsey,WR,TEN
7882,Christian Uphoff,DB,GB
2307,Marcus Mariota,QB,LV
2082,Xavier Grimble,TE,BAL
5634,Michael Joseph,CB,CHI
2614,T.Y. McGill,DT,WAS
3008,Matt Wile,P,TB
5013,Anthony Miller,WR,PIT
7378,Kyle Markway,TE,CLE
2814,Jay Hughes,CB,PIT
6875,John Simpson,G,LV
6273,P.J. Johnson,DT,DET
5346,Zaire Franklin,LB,IND
7934,Jared Goldwire,DT,LAC
7374,Tino Ellis,CB,MIA
8083,Jarrod Hewitt,DT,SEA
6996,JaMycal Hasty,RB,SF
8098,Alex Tchangam,LB,SEA
922,Mario Addison,DE,BUF
7087,Jonathan Ward,RB,ARI
8005,Tarik Black,WR,IND
1267,Ty Nsekhe,T,DAL
7698,Andre Cisco,DB,JAX
2258,Dontae Johnson,CB,SF
3503,Geronimo Allison,WR,DET
4078,Adoree' Jackson,DB,NYG
6823,Jacob Eason,QB,SEA
5272,Greg Joseph,K,MIN
7218,Cam Sutton,TE,SEA
4929,Ahmad Fulwood,WR,NO
7605,Kyle Trask,QB,TB
3931,Isaiah Williams,OL,NYJ
5519,Tavierre Thomas,DB,HOU
1963,Jonotthan Harrison,OL,NYG
1640,Mike Purcell,NT,DEN
4207,Davon Godchaux,DT,NE
1920,Josh Mauro,DE,ARI
6868,D.J. Wonnum,DE,MIN
3568,Marken Michel,WR,WAS
445,Thomas Morstead,P,NYJ
6973,J.J. Taylor,RB,NE
3233,Kevin Byard,DB,TEN
4971,Derwin James,DB,LAC
1494,Damontre Moore,DE,IND
3321,Tyreek Hill,WR,KC
7689,Robert Hainsey,OL,TB
2009,Michael Schofield,T,LAC
5933,Blessuan Austin,DB,SEA
4053,Garett Bolles,OT,DEN
3603,Kameron Canaday,LS,PIT
2421,Rodney Gunter,DE,JAX
7442,Anthony McKinney,OT,TEN
7111,McTelvin Agim,DT,DEN
8090,Daniel Crawford,TE,GB
4038,John Ross,WR,NYG
7291,Nate Evans,LB,LAC
8081,Jake Curhan,T,SEA
6272,Gerri Green,DE,LV
7276,Auzoyah Alufohai,DT,CHI
6136,Jarrett Stidham,QB,NE
8011,DJ Daniel,CB,JAX
967,Robert Quinn,LB,CHI
605,Everson Griffen,DE,MIN
4367,Monty Madaris,WR,CIN
1113,Bryan Anger,P,DAL
4173,Jaleel Johnson,DT,HOU
7485,Daniel Bituli,LB,CAR
6184,Derrek Thomas,DB,CAR
5577,Ryan Hunter,G,LAC
4943,Sam Darnold,QB,CAR
5549,Darrel Williams,RB,KC
7688,Ronnie Perkins,LB,NE
3319,Trevor Davis,WR,ATL
6437,John Leglue,OT,PIT
4068,Mike Williams,WR,LAC
6916,Stanford Samuels,CB,GB
4359,Cole Luke,CB,WAS
2549,Trevor Siemian,QB,NO
4109,Josh Jones,DB,IND
7469,Austen Pleasants,OL,CAR
1617,Bradley McDougald,DB,TEN
4040,JuJu Smith-Schuster,WR,PIT
4917,Daryl Virgies,RB,NYG
5430,Timon Parris,T,MIN
6788,Xavier McKinney,DB,NYG
1408,Le'Veon Bell,RB,BAL
5983,Sheldrick Redwine,DB,MIA
6390,Marquise Copeland,DT,LAR
7789,Jalen Camp,WR,HOU
7354,Donell Stanley,C,TB
7697,Brady Christensen,T,CAR
BUF,BUF,DEF,BUF
5306,Travin Howard,LB,LAR
3371,Darius Jackson,RB,HOU
1378,Ryan Jensen,C,TB
2689,Todd Davis,LB,NYG
4076,Ryan Ramczyk,T,NO
6888,Antoine Winfield,DB,TB
6558,O'Shea Dugas,T,CIN
7548,Tyler Vaughns,WR,PIT
5355,Nick Sharga,FB,OAK
1905,Christian Kirksey,LB,HOU
627,Andre Roberts,WR,LAC
2015,Dee Ford,DE,SF
2531,Edmond Robinson,LB,NYJ
6070,Jimmy Moreland,CB,HOU
3341,DeAndre Houston-Carson,DB,CHI
6137,Tommy Sweeney,TE,BUF
4928,Anas Hasic,WR,KC
4950,Christian Kirk,WR,ARI
3189,Eli Apple,CB,CIN
3231,James Bradberry,CB,NYG
1992,Allen Robinson,WR,CHI
4744,Barrett Burns,TE,BAL
6186,Armon Watts,DT,MIN
4651,Corey Clement,RB,DAL
6943,Gabriel Davis,WR,BUF
7014,Joe Bachie,LB,CIN
6016,Dax Raymond,TE,PIT
6323,Andrew Beck,FB,DEN
5555,Dakoda Shepley,C,SEA
3305,Caleb Benenoch,OL,NO
4127,C.J. Beathard,QB,JAX
5828,Diontae Spencer,WR,DEN
6820,Clyde Edwards-Helaire,RB,KC
965,Jake McQuaide,LS,DAL
5094,Ryan Izzo,TE,SEA
2110,Christian Jones,LB,CHI
7244,Ja'Marcus Bradley,WR,CLE
869,Chris Harris,CB,LAC
7545,Marlon Williams,WR,HOU
2329,D.J. Humphries,OL,ARI
7203,Antonio Williams,RB,BUF
7335,Bryce Perkins,QB,LAR
6147,Clayton Thorson,QB,NYG
7720,Kene Nwangwu,RB,MIN
4131,Kenny Golladay,WR,NYG
8063,George Silvanic,DT,LAR
3236,Maliek Collins,DT,HOU
7879,Tristen Hoge,G,CLE
4558,B.J. Bello,LB,TEN
6005,Kevin Givens,DT,SF
7599,Jermar Jefferson,RB,DET
4326,Bug Howard,TE,BUF
7696,Milton Williams,DT,PHI
2650,Ty Long,P,LAC
4357,Bryan Cox,DE,BUF
6958,Michael Danna,DE,KC
5460,Kaare Vedvik,K,JAX
5575,Devondre Seymour,OT,KC
5615,Matt Dickerson,DT,LV
6488,Kalil Morris,DT,BAL
5269,Codey McElroy,TE,TB
5844,T.J. Hockenson,TE,DET
7385,Christian Angulo,DB,IND
1852,Dakota Dozier,G,MIN
7641,Patrick Surtain,CB,DEN
7889,Jerry Jacobs,CB,DET
7213,Christian Montano,G,NO
7724,Jabril Cox,LB,DAL
7682,Elijah Molden,CB,TEN
7326,Breiden Fehoko,NT,LAC
2412,Justin Hardy,WR,CHI
813,Nate Solder,T,NYG
4205,Ukeme Eligwe,LB,LV
7794,Chris Evans,RB,CIN
252,Don Muhlbach,LS,DET
7955,Pier-Olivier Lestage,OG,SEA
7016,Jeremy Chinn,DB,CAR
5028,Duke Dawson,CB,DEN
4947,Billy Price,OL,NYG
333,Ryan Fitzpatrick,QB,WAS
5106,Tyrell Crosby,OL,DET
6819,Michael Pittman,WR,IND
7803,Trey Hill,C,CIN
6922,Ezra Cleveland,G,MIN
7129,Blake Brandel,T,MIN
7214,Calvin Taylor,DE,PIT
5552,Austin Golson,C,NYJ
7231,Lacale London,DT,CHI
4491,Marcus Kemp,WR,KC
5642,Trayvon Henderson,DB,CIN
5583,Craig James,CB,PHI
5402,Jonathan Wynn,DE,CAR
4106,Larry Ogunjobi,DT,CIN
2382,Duke Johnson,RB,MIA
6857,Collin Johnson,WR,NYG
7261,Arryn Siposs,P,PHI
7614,Darius Clark,RB,CAR
6081,Kendall Blanton,TE,LAR
6923,Geno Stone,DB,BAL
6941,Troy Dye,LB,MIN
6362,Dredrick Snelson,WR,JAX
8001,Malik Herring,DE,KC
7138,Chris Claybrooks,DB,JAX
7371,Jordan Steckler,OL,HOU
6293,Cullen Gillaspia,FB,NYG
3774,Jason Vander Laan,TE,NO
5943,Ross Pierschbacher,OL,NYJ
7573,Damon Hazelton,WR,HOU
4103,Daeshon Hall,DE,SF
5855,Garrett Bradbury,C,MIN
5393,Niles Scott,DT,LV
7667,Tyson Campbell,CB,JAX
1535,Cordarrelle Patterson,RB,ATL
112,Andy Lee,P,ARI
2956,Brett Jones,C,DEN
6378,Miles Brown,NT,DET
5669,Sharif Finch,LB,TEN
4969,Vita Vea,DT,TB
4264,Treyvon Hester,DT,BUF
4153,Jordan Leggett,TE,DEN
5438,Najee Toran,G,WAS
6920,Isaiah Hodgins,WR,BUF
2031,Justin Ellis,DT,BAL
5332,Foyesade Oluokun,LB,ATL
5985,Foster Moreau,TE,LV
6859,Prince Tega Wanogho,T,KC
6130,Devin Singletary,RB,BUF
7740,Kobe Jones,LB,ATL
5131,Justin Jackson,RB,LAC
6928,Kindle Vildor,DB,CHI
4443,Pharaoh Brown,TE,HOU
2796,Efe Obada,DE,BUF
1911,Willie Snead,WR,LV
4771,Greg Van Roten,OG,NYJ
1592,Darren Fells,TE,DET
MIN,MIN,DEF,MIN
1202,Johnny Hekker,P,LAR
6980,Jon Runyan,G,GB
6103,Kingsley Keke,DE,GB
6202,Jakob Johnson,FB,NE
998,K.J. Wright,LB,LV
7067,Simon Stepaniak,OG,GB
5017,Jessie Bates,DB,CIN
3303,Matt Judon,LB,NE
2521,Austin Reiter,C,MIA
2229,Garrett Gilbert,QB,NE
6121,Jawaan Taylor,OL,JAX
6094,Sam Mustipher,OL,CHI
7230,Badara Traore,T,JAX
7478,Luther Kirk,DB,ATL
4032,Jonathan Allen,DT,WAS
7780,Tay Gowan,CB,PHI
DET,DET,DEF,DET
5043,Nathan Shepherd,DT,NYJ
6880,Logan Wilson,LB,CIN
4314,Johnny Mundt,TE,LAR
6190,Keith Butler,LB,SEA
7537,Jaret Patterson,RB,WAS
7153,Kyle Hinton,G,MIN
5361,Avonte Maddox,CB,PHI
1601,Spencer Ware,RB,CHI
4402,Tashawn Bower,DE,NE
5010,Will Dissly,TE,SEA
619,Gerald McCoy,DT,LV
6781,Isaiah Simmons,LB,ARI
7562,Tutu Atwell,WR,LAR
7148,T.J. Brunson,LB,NYG
4087,Teez Tabor,DB,CHI
7618,Micah Simon,WR,CAR
6797,Justin Herbert,QB,LAC
5699,Matt Fleming,WR,CHI
7125,Khalil Davis,DT,IND
5479,Tre Herndon,CB,JAX
5753,Chris Board,LB,BAL
1262,Alex Tanney,QB,NYG
6568,Wyatt Miller,OT,KC
7183,Austin Edwards,DE,KC
6164,Kahale Warring,TE,BUF
7124,Bravvion Roy,DT,CAR
6002,Qadree Ollison,RB,ATL
5282,Duplicate Player,WR,CHI
5878,N'Keal Harry,WR,NE
7139,Arlington Hambright,OL,CHI
4977,Isaiah Wynn,OL,NE
6825,Neville Gallimore,DT,DAL
3734,Brennan Scarlett,LB,MIA
7107,Jason Huntley,RB,PHI
5493,Charvarius Ward,CB,KC
3177,Corey Coleman,WR,NYG
4460,Cole Hikutini,TE,NYG
4273,Chris Carson,RB,SEA
7775,Thomas Graham,DB,CHI
1619,Demetrius Harris,TE,ARI
1884,Russell Bodine,C,DET
4421,Jacob Hollister,TE,JAX
6290,Scott Miller,WR,TB
5852,Deandre Baker,CB,KC
4180,Rayshawn Jenkins,DB,JAX
1657,Brandon Copeland,LB,ATL
6006,Byron Cowart,DT,NE
5154,Trent Sherfield,WR,SF
5220,Godwin Igwebuike,RB,DET
7663,Teven Jenkins,OL,CHI
2993,Rakeem Nunez-Roches,DT,TB
4668,James Onwualu,LB,LV
5707,Tyrin Holloway,CB,CHI
2063,Casey Kreiter,LS,NYG
7983,Collin Hill,QB,CIN
7950,Harry Crider,OL,DEN
2602,Darius Jennings,WR,DET
3163,Jared Goff,QB,DET
7690,Ben Cleveland,G,BAL
3628,David Moala,DT,NYG
8030,Emmanuel Rugamba,CB,CLE
6591,Charles Jones,TE,PIT
1822,Ja'Wuan James,OT,BAL
4191,Matt Milano,LB,BUF
8040,Quinn Nordin,K,NE
1453,Lerentee McCray,DE,JAX
4057,Gareon Conley,CB,HOU
5136,Josh Adams,RB,NYJ
3180,Robert Nkemdiche,DT,SEA
7460,Jake Burt,TE,NE
2182,Kelvin Benjamin,WR,NYG
5226,Poona Ford,DT,SEA
5374,Justin Watson,WR,TB
3255,Kyler Fackrell,LB,LAC
7372,Darrin Paulo,T,DET
1552,Terron Armstead,T,NO
7911,Alex Hoffman,OL,NO
1234,Russell Wilson,QB,SEA
7990,Garrett Groshek,RB,LV
7499,Paul Quessenberry,TE,HOU
6962,La'Darius Hamilton,LB,GB
6619,Kabion Ento,CB,GB
7746,Austin Trammell,WR,ATL
7826,Jamar Johnson,DB,DEN
8044,Isaiah Dunn,DB,NYJ
3252,Kendall Fuller,CB,WAS
7459,Rashod Berry,LB,DET